-- MySQL dump 10.13  Distrib 5.7.9, for Win64 (x86_64)
--
-- Host: localhost    Database: ktsys
-- ------------------------------------------------------
-- Server version	5.6.23

/*!40101 SET @OLD_CHARACTER_SET_CLIENT=@@CHARACTER_SET_CLIENT */;
/*!40101 SET @OLD_CHARACTER_SET_RESULTS=@@CHARACTER_SET_RESULTS */;
/*!40101 SET @OLD_COLLATION_CONNECTION=@@COLLATION_CONNECTION */;
/*!40101 SET NAMES utf8 */;
/*!40103 SET @OLD_TIME_ZONE=@@TIME_ZONE */;
/*!40103 SET TIME_ZONE='+00:00' */;
/*!40014 SET @OLD_UNIQUE_CHECKS=@@UNIQUE_CHECKS, UNIQUE_CHECKS=0 */;
/*!40014 SET @OLD_FOREIGN_KEY_CHECKS=@@FOREIGN_KEY_CHECKS, FOREIGN_KEY_CHECKS=0 */;
/*!40101 SET @OLD_SQL_MODE=@@SQL_MODE, SQL_MODE='NO_AUTO_VALUE_ON_ZERO' */;
/*!40111 SET @OLD_SQL_NOTES=@@SQL_NOTES, SQL_NOTES=0 */;

--
-- Table structure for table `sys_area`
--

DROP TABLE IF EXISTS `sys_area`;
/*!40101 SET @saved_cs_client     = @@character_set_client */;
/*!40101 SET character_set_client = utf8 */;
CREATE TABLE `sys_area` (
  `id` varchar(32) NOT NULL COMMENT '编号',
  `parent_id` varchar(64) DEFAULT NULL COMMENT '父级编号',
  `longCode` varchar(2000) DEFAULT NULL COMMENT '所有父级编号',
  `name` varchar(100) DEFAULT NULL COMMENT '名称',
  `sort` decimal(16,0) DEFAULT NULL COMMENT '排序',
  `code` varchar(100) DEFAULT NULL COMMENT '区域编码',
  `type` char(1) DEFAULT NULL COMMENT '区域类型',
  `createUser` varchar(32) DEFAULT NULL COMMENT '创建者',
  `createDate` datetime DEFAULT NULL COMMENT '创建时间',
  `lastUpdateUser` varchar(32) DEFAULT NULL COMMENT '更新者',
  `lastUpdateDate` datetime DEFAULT NULL COMMENT '更新时间',
  `remarks` varchar(255) DEFAULT NULL COMMENT '备注信息',
  `version` varchar(45) DEFAULT NULL,
  `lastUpdateVersion` varchar(45) DEFAULT NULL,
  `lastUpdateIp` varchar(45) DEFAULT NULL,
  `depth` char(1) DEFAULT NULL,
  `longName` varchar(500) DEFAULT NULL,
  `ip` varchar(45) DEFAULT NULL,
  `sysData` varchar(32) DEFAULT '0',
  `status` varchar(32) DEFAULT NULL,
  PRIMARY KEY (`id`),
  KEY `sys_area_parent_id` (`parent_id`) USING BTREE
) ENGINE=InnoDB DEFAULT CHARSET=utf8 COMMENT='区域表';
/*!40101 SET character_set_client = @saved_cs_client */;

--
-- Dumping data for table `sys_area`
--

LOCK TABLES `sys_area` WRITE;
/*!40000 ALTER TABLE `sys_area` DISABLE KEYS */;
INSERT INTO `sys_area` VALUES ('1','0','0,1','中国',10,'100000','1','1','2013-05-27 08:00:00','1','2013-05-27 08:00:00',NULL,'V0.0.1',NULL,NULL,'0','中国','10.216.70.159','1',NULL),('2','1','0,1,2','山东省',20,'110000','2','1','2013-05-27 08:00:00','1','2013-05-27 08:00:00',NULL,'V0.0.1',NULL,NULL,'1','中国,山东省','10.216.70.159','0',NULL),('3','2','0,1,2,3','济南市',30,'110101','3','1','2013-05-27 08:00:00','1','2013-05-27 08:00:00',NULL,'V0.0.1',NULL,NULL,'2','中国,山东省,济南市','10.216.70.159','0',NULL),('347c885ccc8845888d413fa7396e50fc','ada6d329899946599cc59da978876120','0,1,ada6d329899946599cc59da978876120,347c885ccc8845888d413fa7396e50fc','宝鸡市',0,'2222','3','1','2017-07-27 13:35:06',NULL,NULL,NULL,'V0.0.1',NULL,NULL,'2','中国,陕西省,宝鸡市','10.216.70.159','0',NULL),('4','3','0,1,2,3,4','历城区',40,'110102','4','1','2013-05-27 08:00:00','1','2013-05-27 08:00:00',NULL,'V0.0.1',NULL,NULL,'3','中国,山东省,济南市,历城市','10.216.70.159','0',NULL),('5','3','0,1,2,3,5','历下区',50,'110104','4','1','2013-05-27 08:00:00','1','2013-05-27 08:00:00',NULL,'V0.0.1',NULL,NULL,'3','中国,山东省,济南市,历下市','10.216.70.159','0',NULL),('6','3','0,1,2,3,6','高新区',60,'110105','4','1','2013-05-27 08:00:00','1','2013-05-27 08:00:00',NULL,'V0.0.1',NULL,NULL,'3','中国,山东省,济南市,高新区','10.216.70.159','0',NULL),('90c93da8d81d4a209dc1ff058a72265c','347c885ccc8845888d413fa7396e50fc','0,1,ada6d329899946599cc59da978876120,347c885ccc8845888d413fa7396e50fc,90c93da8d81d4a209dc1ff058a72265c','panxi',0,'33333','4','1','2017-07-27 14:27:05','1','2017-07-27 16:16:10',NULL,'V0.0.1',NULL,NULL,'0','中国,陕西省,宝鸡市,panxi','10.216.70.159','0',NULL),('ada6d329899946599cc59da978876120','1','0,1,ada6d329899946599cc59da978876120','陕西省',30,'0002','2','1','2015-06-08 11:51:55','1','2015-06-08 11:51:55','','V0.0.1',NULL,NULL,'1','中国,陕西省','10.216.70.159','0',NULL),('e64ed80c84f04dfdb6eeb6954d955b23','ada6d329899946599cc59da978876120','0,1,ada6d329899946599cc59da978876120,e64ed80c84f04dfdb6eeb6954d955b23','西安市',0,'123','2','1','2017-07-29 11:50:49','1','2017-07-29 11:51:06',NULL,'V0.0.1',NULL,NULL,'0','中国,陕西省,西安市','10.216.70.159','0',NULL);
/*!40000 ALTER TABLE `sys_area` ENABLE KEYS */;
UNLOCK TABLES;

--
-- Table structure for table `sys_dict`
--

DROP TABLE IF EXISTS `sys_dict`;
/*!40101 SET @saved_cs_client     = @@character_set_client */;
/*!40101 SET character_set_client = utf8 */;
CREATE TABLE `sys_dict` (
  `id` varchar(64) NOT NULL COMMENT '编号',
  `value` varchar(100) NOT NULL COMMENT '数据值',
  `label` varchar(100) NOT NULL COMMENT '标签名',
  `type` varchar(100) NOT NULL COMMENT '类型',
  `description` varchar(100) NOT NULL COMMENT '描述',
  `sort` decimal(10,0) NOT NULL COMMENT '排序（升序）',
  `parent_id` varchar(64) DEFAULT '0' COMMENT '父级编号',
  `createUser` varchar(64) NOT NULL COMMENT '创建者',
  `createDate` datetime NOT NULL DEFAULT CURRENT_TIMESTAMP COMMENT '创建时间',
  `lastUpdateUser` varchar(64) NOT NULL COMMENT '更新者',
  `lastUpdateDate` datetime NOT NULL DEFAULT CURRENT_TIMESTAMP COMMENT '更新时间',
  `remarks` varchar(255) DEFAULT NULL COMMENT '备注信息',
  `del_flag` char(1) NOT NULL DEFAULT '0' COMMENT '删除标记',
  `lastUpdateVersion` varchar(45) DEFAULT NULL,
  `lastUpdateIp` varchar(45) DEFAULT NULL,
  `version` varchar(45) DEFAULT NULL,
  `ip` varchar(45) DEFAULT NULL,
  `sys_data` char(1) DEFAULT '0',
  `status` char(2) DEFAULT NULL,
  PRIMARY KEY (`id`),
  KEY `sys_dict_value` (`value`) USING BTREE,
  KEY `sys_dict_label` (`label`) USING BTREE,
  KEY `sys_dict_del_flag` (`del_flag`) USING BTREE
) ENGINE=InnoDB DEFAULT CHARSET=utf8 COMMENT='字典表';
/*!40101 SET character_set_client = @saved_cs_client */;

--
-- Dumping data for table `sys_dict`
--

LOCK TABLES `sys_dict` WRITE;
/*!40000 ALTER TABLE `sys_dict` DISABLE KEYS */;
INSERT INTO `sys_dict` VALUES ('03c759c875cd4e53a23dcf2acbdd5ff5','zz','中专','education','中专',20,'0','1','2015-10-08 14:48:14','1','2015-10-08 14:48:14','','0','V0.0.1','127.0.0.1','V1.0.1','127.0.0.1','0','0'),('058b60b446f842bc85617912eb38e81b','2','中级','st_level','级别',20,'0','1','2018-02-01 11:25:49','1','2018-02-01 11:25:49','','0','V0.0.1','127.0.0.1','V1.0.1','127.0.0.1','0','0'),('17','1','国家','sys_area_type','区域类型',10,'0','1','2013-05-27 08:00:00','1','2013-05-27 08:00:00',NULL,'0','V0.0.1','127.0.0.1','V1.0.1','127.0.0.1','0','0'),('17b612b153e249109525c46d286eb66e','bs','博士','education','博士',60,'0','1','2015-10-08 14:50:51','1','2015-10-08 14:50:51','','0','V0.0.1','127.0.0.1','V1.0.1','127.0.0.1','0','0'),('18','2','省份、直辖市','sys_area_type','区域类型',20,'0','1','2013-05-27 08:00:00','1','2013-05-27 08:00:00',NULL,'0','V0.0.1','127.0.0.1','V1.0.1','127.0.0.1','0','0'),('18d0e2f1febb4e6cbc20c19f4e81dfeb','1','男','GENDER','男',10,'0','1','2015-09-16 10:16:00','1','2018-02-01 14:19:23','','0','V1.0.1','10.216.70.159','V1.0.1','127.0.0.1','0','0'),('19','3','地市','sys_area_type','区域类型',30,'0','1','2013-05-27 08:00:00','1','2013-05-27 08:00:00',NULL,'0','V0.0.1','127.0.0.1','V1.0.1','127.0.0.1','0','0'),('20','4','区县','sys_area_type','区域类型',40,'0','1','2013-05-27 08:00:00','1','2013-05-27 08:00:00',NULL,'0','V0.0.1','127.0.0.1','V1.0.1','127.0.0.1','0','0'),('226a3eb6f5b44cb891b1360c25f2a3cd','ss','硕士','education','硕士',50,'0','1','2015-10-08 14:49:48','1','2015-10-08 14:53:49','','0','V0.0.1','127.0.0.1','V1.0.1','127.0.0.1','0','0'),('3','1','显示','show_hide','显示/隐藏',10,'0','1','2013-05-27 08:00:00','1','2013-05-27 08:00:00',NULL,'0','V0.0.1','127.0.0.1','V1.0.1','127.0.0.1','0','0'),('32','1','所有数据','sys_data_scope','数据范围',10,'0','1','2013-05-27 08:00:00','1','2013-05-27 08:00:00',NULL,'0','V0.0.1','127.0.0.1','V1.0.1','127.0.0.1','0','0'),('33','2','所在公司及以下数据','sys_data_scope','数据范围',20,'0','1','2013-05-27 08:00:00','1','2013-05-27 08:00:00',NULL,'0','V0.0.1','127.0.0.1','V1.0.1','127.0.0.1','0','0'),('34','3','所在公司数据','sys_data_scope','数据范围',30,'0','1','2013-05-27 08:00:00','1','2013-05-27 08:00:00',NULL,'0','V0.0.1','127.0.0.1','V1.0.1','127.0.0.1','0','0'),('35','4','所在部门及以下数据','sys_data_scope','数据范围',40,'0','1','2013-05-27 08:00:00','1','2013-05-27 08:00:00',NULL,'0','V0.0.1','127.0.0.1','V1.0.1','127.0.0.1','0','0'),('36','5','所在部门数据','sys_data_scope','数据范围',50,'0','1','2013-05-27 08:00:00','1','2013-05-27 08:00:00',NULL,'0','V0.0.1','127.0.0.1','V1.0.1','127.0.0.1','0','0'),('37','8','仅本人数据','sys_data_scope','数据范围',90,'0','1','2013-05-27 08:00:00','1','2013-05-27 08:00:00',NULL,'0','V0.0.1','127.0.0.1','V1.0.1','127.0.0.1','0','0'),('38','9','按明细设置','sys_data_scope','数据范围',100,'0','1','2013-05-27 08:00:00','1','2013-05-27 08:00:00',NULL,'0','V0.0.1','127.0.0.1','V1.0.1','127.0.0.1','0','0'),('39','1','系统管理','sys_user_type','用户类型',10,'0','1','2013-05-27 08:00:00','1','2013-05-27 08:00:00',NULL,'0','V0.0.1','127.0.0.1','V1.0.1','127.0.0.1','0','0'),('4','0','隐藏','show_hide','显示/隐藏',20,'0','1','2013-05-27 08:00:00','1','2013-05-27 08:00:00',NULL,'0','V0.0.1','127.0.0.1','V1.0.1','127.0.0.1','0','0'),('40','2','部门经理','sys_user_type','用户类型',20,'0','1','2013-05-27 08:00:00','1','2013-05-27 08:00:00',NULL,'0','V0.0.1','127.0.0.1','V1.0.1','127.0.0.1','0','0'),('41','3','普通用户','sys_user_type','用户类型',30,'0','1','2013-05-27 08:00:00','1','2013-05-27 08:00:00',NULL,'0','V0.0.1','127.0.0.1','V1.0.1','127.0.0.1','0','0'),('57c0ccc1cd9c493b843e5c2337d316cf','3','高级','st_level','级别',30,'0','1','2018-02-01 11:26:04','1','2018-02-01 11:26:04','','0','V0.0.1','127.0.0.1','V1.0.1','127.0.0.1','0','0'),('599b4eebb7fe490eb3b8b5590b18860f','1','初级','st_level','级别',10,'0','1','2018-02-01 11:25:33','1','2018-02-01 11:25:33','','0','V0.0.1','127.0.0.1','V1.0.1','127.0.0.1','0','0'),('67','1','接入日志','sys_log_type','日志类型',30,'0','1','2013-06-03 08:00:00','1','2013-06-03 08:00:00',NULL,'0','V0.0.1','127.0.0.1','V1.0.1','127.0.0.1','0','0'),('68','2','异常日志','sys_log_type','日志类型',40,'0','1','2013-06-03 08:00:00','1','2013-06-03 08:00:00',NULL,'0','V0.0.1','127.0.0.1','V1.0.1','127.0.0.1','0','0'),('7812e394115e4ed4a3fc83e5ec113970','gz','高中','education','高中',10,'0','1','2015-10-08 14:47:43','1','2015-10-08 14:47:43','高中','0','V0.0.1','127.0.0.1','V1.0.1','127.0.0.1','0','0'),('a87865bf316344f3bad37567feba0f46','bk','大学本科','education','大学本科',40,'0','1','2015-10-08 14:49:01','1','2015-10-08 14:49:01','','0','V0.0.1','127.0.0.1','V1.0.1','127.0.0.1','0','0'),('ba6fe7a580774928aa68d7c05e25624a','ssyjs','硕士研究生','education','硕士研究生',60,'0','1','2015-10-08 14:53:38','1','2015-10-08 14:53:38','','0','V0.0.1','127.0.0.1','V1.0.1','127.0.0.1','0','0'),('d2deabe7067c4875803b62856e64e844','2','女','GENDER','女',20,'0','1','2015-09-16 10:16:18','1','2018-02-01 14:19:33','','0','V1.0.1','10.216.70.159','V1.0.1','127.0.0.1','0','0'),('d3adda3358db4e59a38b2ae1fb29970e','zk','大学专科','education','中专',30,'0','1','2015-10-08 14:48:41','1','2015-10-08 14:48:41','大学专科','0','V0.0.1','127.0.0.1','V1.0.1','127.0.0.1','0','0');
/*!40000 ALTER TABLE `sys_dict` ENABLE KEYS */;
UNLOCK TABLES;

--
-- Table structure for table `sys_dict_item`
--

DROP TABLE IF EXISTS `sys_dict_item`;
/*!40101 SET @saved_cs_client     = @@character_set_client */;
/*!40101 SET character_set_client = utf8 */;
CREATE TABLE `sys_dict_item` (
  `id` varchar(32) NOT NULL COMMENT '编号',
  `dictTypeId` varchar(100) DEFAULT NULL COMMENT '数据字典类型ID',
  `name` varchar(100) DEFAULT NULL COMMENT '名称',
  `sort` decimal(16,0) DEFAULT '10000' COMMENT '排序',
  `createUser` varchar(32) DEFAULT NULL COMMENT '创建者',
  `createDate` datetime DEFAULT CURRENT_TIMESTAMP COMMENT '创建时间',
  `lastUpdateUser` varchar(32) DEFAULT NULL COMMENT '更新者',
  `lastUpdateDate` datetime DEFAULT CURRENT_TIMESTAMP COMMENT '更新时间',
  `remarks` varchar(255) DEFAULT NULL COMMENT '备注信息',
  `version` varchar(20) DEFAULT NULL,
  `lastUpdateVersion` varchar(20) DEFAULT NULL,
  `ip` varchar(20) DEFAULT NULL,
  `lastUpdateIp` varchar(20) DEFAULT NULL,
  `status` varchar(32) DEFAULT NULL COMMENT '状态',
  `sysData` varchar(32) DEFAULT '0',
  PRIMARY KEY (`id`)
) ENGINE=InnoDB DEFAULT CHARSET=utf8 COMMENT='数据字典条目表';
/*!40101 SET character_set_client = @saved_cs_client */;

--
-- Dumping data for table `sys_dict_item`
--

LOCK TABLES `sys_dict_item` WRITE;
/*!40000 ALTER TABLE `sys_dict_item` DISABLE KEYS */;
INSERT INTO `sys_dict_item` VALUES ('0e0acb903a374b7e94aff42917a475af','833b3f51311d45df8536b1f4100a3c7f','列表',10,'1','2018-09-12 20:16:18','1','2018-09-12 20:16:18','','V1.0.1','V1.0.1','192.168.249.62','192.168.249.62','0','0'),('116c5e1f29074d358925ff10c35328cc','1175690bc8364937a33afe2a53832ca1','初级',10,'1','2018-06-05 15:25:26','1','2018-06-05 15:25:26','初级','V1.0.1','V1.0.1','10.216.70.159','10.216.70.159','5762263ba6e0478bae930ecb43080d17','0'),('1b3e4bf736244a4086abd218e2a9c957','833b3f51311d45df8536b1f4100a3c7f','内部地址',40,'1','2018-09-25 16:14:51','1','2018-09-25 16:14:51','','V1.0.1','V1.0.1','10.216.70.159','10.216.70.159','0','0'),('25b0005f9753483cbd1df7c5fcc3cabb','29575fdb43334a6ca1ea9f3b7ed03dad','删除',30,'1','2018-06-20 16:30:09','1','2018-06-20 16:30:09','假删除','V1.0.1','V1.0.1','10.216.70.159','10.216.70.159','5762263ba6e0478bae930ecb43080d17','458790ac1041415ab085c9ed02e4094c'),('2f93b74a205a41608efeb22eef547c33','e7288453ca35420e885f4e285e21ce59','否',20,'1','2018-06-05 17:39:57','1','2018-06-05 17:39:57','可以修改','V1.0.1','V1.0.1','10.216.70.159','10.216.70.159','5762263ba6e0478bae930ecb43080d17','458790ac1041415ab085c9ed02e4094c'),('32429c1cfd364098addb618e3c818a53','833b3f51311d45df8536b1f4100a3c7f','外部地址',50,'1','2018-09-25 16:14:42','1','2018-09-25 16:14:42','','V1.0.1','V1.0.1','10.216.70.159','10.216.70.159','0','0'),('389e1a7f28ef4500bb68d9dba14207d4','833b3f51311d45df8536b1f4100a3c7f','内容',20,'1','2018-09-12 20:16:28','1','2018-09-12 20:16:28','','V1.0.1','V1.0.1','192.168.249.62','192.168.249.62','0','0'),('458790ac1041415ab085c9ed02e4094c','e7288453ca35420e885f4e285e21ce59','是',10,'1','2018-06-05 17:39:40','1','2018-06-05 17:39:40','是系统数据，不允许修改','V1.0.1','V1.0.1','10.216.70.159','10.216.70.159','5762263ba6e0478bae930ecb43080d17','458790ac1041415ab085c9ed02e4094c'),('502fa94eb9b64516aaff1f254e71654f','833b3f51311d45df8536b1f4100a3c7f','栏目',30,'1','2018-09-12 20:16:53','1','2018-09-12 20:16:53','','V1.0.1','V1.0.1','192.168.249.62','192.168.249.62','0','0'),('5762263ba6e0478bae930ecb43080d17','29575fdb43334a6ca1ea9f3b7ed03dad','启用',10,'1','2018-06-20 16:29:27','1','2018-06-20 16:29:27','启用','V1.0.1','V1.0.1','10.216.70.159','10.216.70.159','5762263ba6e0478bae930ecb43080d17','458790ac1041415ab085c9ed02e4094c'),('62dac6f108124f18b34bffcd98e0f74b','8254a21043b247479c599de5f2e09183','初中',10,'1','2018-05-31 19:27:32','1','2018-05-31 19:27:32','初级学历','V1.0.1','V1.0.1','10.216.70.159','10.216.70.159','5762263ba6e0478bae930ecb43080d17','0'),('d41612be8867407da80de6d135cbc7a2','1175690bc8364937a33afe2a53832ca1','中级',20,'1','2018-06-05 15:27:50','1','2018-06-05 15:27:50','中级','V1.0.1','V1.0.1','10.216.70.159','10.216.70.159','5762263ba6e0478bae930ecb43080d17','0'),('d7914abaa52f49c49faf15752192e5e4','8d70612c673d4edd91bb511fa6d4b7b7','男',10,'1','2018-05-29 14:35:48','1','2018-05-29 14:35:48','男','V1.0.1','V1.0.1','10.216.70.159','10.216.70.159','5762263ba6e0478bae930ecb43080d17','458790ac1041415ab085c9ed02e4094c'),('e541ad28f12943a6be6bb9b735cc4a31','8d70612c673d4edd91bb511fa6d4b7b7','女',20,'1','2018-05-31 19:35:19','1','2018-05-31 19:35:19','女性','V1.0.1','V1.0.1','10.216.70.159','10.216.70.159','5762263ba6e0478bae930ecb43080d17','458790ac1041415ab085c9ed02e4094c'),('e847e08083f4457b8a06c6a44f308fd8','29575fdb43334a6ca1ea9f3b7ed03dad','禁用',20,'1','2018-06-20 16:29:38','1','2018-06-20 16:29:38','禁用','V1.0.1','V1.0.1','10.216.70.159','10.216.70.159','5762263ba6e0478bae930ecb43080d17','458790ac1041415ab085c9ed02e4094c');
/*!40000 ALTER TABLE `sys_dict_item` ENABLE KEYS */;
UNLOCK TABLES;

--
-- Table structure for table `sys_dict_type`
--

DROP TABLE IF EXISTS `sys_dict_type`;
/*!40101 SET @saved_cs_client     = @@character_set_client */;
/*!40101 SET character_set_client = utf8 */;
CREATE TABLE `sys_dict_type` (
  `id` varchar(32) NOT NULL COMMENT '编号',
  `code` varchar(100) DEFAULT NULL COMMENT '编码',
  `name` varchar(100) DEFAULT NULL COMMENT '名称',
  `sort` decimal(16,0) DEFAULT '10000' COMMENT '排序',
  `createUser` varchar(32) DEFAULT NULL COMMENT '创建者',
  `createDate` datetime DEFAULT CURRENT_TIMESTAMP COMMENT '创建时间',
  `lastUpdateUser` varchar(32) DEFAULT NULL COMMENT '更新者',
  `lastUpdateDate` datetime DEFAULT CURRENT_TIMESTAMP COMMENT '更新时间',
  `remarks` varchar(255) DEFAULT NULL COMMENT '备注信息',
  `version` varchar(20) DEFAULT NULL,
  `lastUpdateVersion` varchar(20) DEFAULT NULL,
  `ip` varchar(20) DEFAULT NULL,
  `lastUpdateIp` varchar(20) DEFAULT NULL,
  `status` varchar(32) DEFAULT NULL COMMENT '状态',
  `sysData` varchar(32) DEFAULT '0',
  PRIMARY KEY (`id`)
) ENGINE=InnoDB DEFAULT CHARSET=utf8 COMMENT='数据字典类型表';
/*!40101 SET character_set_client = @saved_cs_client */;

--
-- Dumping data for table `sys_dict_type`
--

LOCK TABLES `sys_dict_type` WRITE;
/*!40000 ALTER TABLE `sys_dict_type` DISABLE KEYS */;
INSERT INTO `sys_dict_type` VALUES ('1175690bc8364937a33afe2a53832ca1','security','密级',50,'1','2018-05-30 19:22:12','1','2018-05-30 19:22:12','密级：初级、保密、绝密','V1.0.1','V1.0.1','10.216.70.159','10.216.70.159','0','0'),('29575fdb43334a6ca1ea9f3b7ed03dad','status','状态',30,'1','2018-06-05 15:37:34','1','2018-06-05 15:37:34','状态：启用，禁用','V1.0.1','V1.0.1','10.216.70.159','10.216.70.159','0','0'),('8254a21043b247479c599de5f2e09183','education','学历',20,'1','2018-05-29 14:26:36','1','2018-05-29 14:26:36','学历：初中、高中、大学、硕士、博士','V1.0.1','V1.0.1','10.216.70.159','10.216.70.159','0','0'),('833b3f51311d45df8536b1f4100a3c7f','columns_type','栏目类型',10,'1','2018-09-12 20:16:00','1','2018-09-12 20:16:00','','V1.0.1','V1.0.1','192.168.249.62','192.168.249.62','0','0'),('8d70612c673d4edd91bb511fa6d4b7b7','sex','性别',10,'1','2018-05-29 14:20:30','1','2018-05-29 14:20:30','性别：男、女','V1.0.1','V1.0.1','10.216.70.159','10.216.70.159','0','0'),('e7288453ca35420e885f4e285e21ce59','sysdata','系统数据',40,'1','2018-06-05 15:38:30','1','2018-06-05 15:38:30','系统数据：是，否','V1.0.1','V1.0.1','10.216.70.159','10.216.70.159','0','0');
/*!40000 ALTER TABLE `sys_dict_type` ENABLE KEYS */;
UNLOCK TABLES;

--
-- Table structure for table `sys_log`
--

DROP TABLE IF EXISTS `sys_log`;
/*!40101 SET @saved_cs_client     = @@character_set_client */;
/*!40101 SET character_set_client = utf8 */;
CREATE TABLE `sys_log` (
  `id` varchar(64) NOT NULL COMMENT '编号',
  `type` char(1) DEFAULT '1' COMMENT '日志类型',
  `title` varchar(255) DEFAULT '' COMMENT '日志标题',
  `remote_addr` varchar(255) DEFAULT NULL COMMENT '操作IP地址',
  `user_agent` varchar(255) DEFAULT NULL COMMENT '用户代理',
  `request_uri` varchar(255) DEFAULT NULL COMMENT '请求URI',
  `method` varchar(5) DEFAULT NULL COMMENT '操作方式',
  `params` text COMMENT '操作提交的数据',
  `exception` text COMMENT '异常信息',
  `remoteArea` char(200) DEFAULT NULL COMMENT '所属地区',
  `createDate` datetime DEFAULT CURRENT_TIMESTAMP COMMENT '创建记录时间',
  `createUser` varchar(32) DEFAULT NULL COMMENT '创建记录人ID',
  `lastUpdateDate` datetime DEFAULT CURRENT_TIMESTAMP COMMENT '最后更新时间',
  `lastUpdateUser` varchar(32) DEFAULT NULL COMMENT '最后更新人ID',
  `version` varchar(20) DEFAULT NULL COMMENT '版本号',
  `lastUpdateVersion` varchar(20) DEFAULT NULL COMMENT '最后更新版本号',
  `ip` varchar(20) DEFAULT NULL COMMENT 'IP',
  `lastUpdateIp` varchar(20) DEFAULT NULL COMMENT '最后更新IP',
  `status` char(2) DEFAULT '0' COMMENT '状态。',
  `remarks` varchar(500) DEFAULT NULL COMMENT '备注',
  PRIMARY KEY (`id`),
  KEY `sys_log_create_by` (`createUser`) USING BTREE,
  KEY `sys_log_request_uri` (`request_uri`) USING BTREE,
  KEY `sys_log_type` (`type`) USING BTREE,
  KEY `sys_log_create_date` (`createDate`) USING BTREE
) ENGINE=InnoDB DEFAULT CHARSET=utf8 COMMENT='日志表';
/*!40101 SET character_set_client = @saved_cs_client */;

--
-- Dumping data for table `sys_log`
--

LOCK TABLES `sys_log` WRITE;
/*!40000 ALTER TABLE `sys_log` DISABLE KEYS */;
/*!40000 ALTER TABLE `sys_log` ENABLE KEYS */;
UNLOCK TABLES;

--
-- Table structure for table `sys_login_history`
--

DROP TABLE IF EXISTS `sys_login_history`;
/*!40101 SET @saved_cs_client     = @@character_set_client */;
/*!40101 SET character_set_client = utf8 */;
CREATE TABLE `sys_login_history` (
  `id` varchar(32) NOT NULL COMMENT '主键',
  `user_id` varchar(32) DEFAULT NULL COMMENT '用户ID',
  `loginIp` varchar(20) DEFAULT NULL COMMENT '登录IP',
  `loginDate` datetime DEFAULT CURRENT_TIMESTAMP COMMENT '登录时间',
  `createDate` datetime DEFAULT CURRENT_TIMESTAMP COMMENT '创建记录时间',
  `createUser` varchar(32) DEFAULT NULL COMMENT '创建记录人ID',
  `lastUpdateDate` datetime DEFAULT CURRENT_TIMESTAMP COMMENT '最后更新时间',
  `lastUpdateUser` varchar(32) DEFAULT NULL COMMENT '最后更新人ID',
  `version` varchar(20) DEFAULT NULL COMMENT '版本号',
  `lastUpdateVersion` varchar(20) DEFAULT NULL COMMENT '最后更新版本号',
  `ip` varchar(20) DEFAULT NULL COMMENT 'IP',
  `lastUpdateIp` varchar(20) DEFAULT NULL COMMENT '最后更新IP',
  `status` char(2) DEFAULT '0' COMMENT '状态：0、成功；1、失败。',
  `remarks` varchar(500) DEFAULT NULL COMMENT '备注',
  PRIMARY KEY (`id`)
) ENGINE=InnoDB DEFAULT CHARSET=utf8 COMMENT='用户登录历史记录';
/*!40101 SET character_set_client = @saved_cs_client */;

--
-- Dumping data for table `sys_login_history`
--

LOCK TABLES `sys_login_history` WRITE;
/*!40000 ALTER TABLE `sys_login_history` DISABLE KEYS */;
INSERT INTO `sys_login_history` VALUES ('00ae01cb5e0c419c8c81595a5a2b40cb','1','10.0.115.66','2018-09-18 15:32:12','2018-09-18 15:32:12','1','2018-09-18 15:32:12','1','V1.0.1','V1.0.1','10.0.115.66','10.0.115.66','0',NULL),('0e510186a9c54d599923b8f4ef9ab9f0','1','10.0.115.66','2018-09-19 11:33:34','2018-09-19 11:33:34','1','2018-09-19 11:33:34','1','V1.0.1','V1.0.1','10.0.115.66','10.0.115.66','0',NULL),('1091d86d1f524ba7b2349c1a04f59158','1','10.216.70.159','2018-10-23 15:29:03','2018-10-23 15:29:03','1','2018-10-23 15:29:03','1','V1.0.1','V1.0.1','10.216.70.159','10.216.70.159','0',NULL),('14e5fc94588040248f20ff1c39f3d655','1','10.216.70.159','2018-10-12 16:59:05','2018-10-12 16:59:05','1','2018-10-12 16:59:05','1','V1.0.1','V1.0.1','10.216.70.159','10.216.70.159','0',NULL),('18efbae369f24913a9434c2319617f7b','1','10.0.115.66','2018-09-19 11:37:49','2018-09-19 11:37:49','1','2018-09-19 11:37:49','1','V1.0.1','V1.0.1','10.0.115.66','10.0.115.66','0',NULL),('2281b4e9d30a4ef2b960fcdaeec25e9b','1','10.0.115.66','2018-09-19 10:13:31','2018-09-19 10:13:31','1','2018-09-19 10:13:31','1','V1.0.1','V1.0.1','10.0.115.66','10.0.115.66','0',NULL),('249bf9742c85425ba5e07ef7d5cc6629','1','10.0.115.66','2018-09-19 16:13:27','2018-09-19 16:13:27','1','2018-09-19 16:13:27','1','V1.0.1','V1.0.1','10.0.115.66','10.0.115.66','0',NULL),('2b187440e78b41c1b2e4af34fd6ca1ca','1','10.216.70.159','2018-10-23 15:30:51','2018-10-23 15:30:51','1','2018-10-23 15:30:51','1','V1.0.1','V1.0.1','10.216.70.159','10.216.70.159','0',NULL),('2c5d3b6813ec4ec4bfb724ba0d0e2bb9','1','10.0.115.66','2018-09-25 15:52:49','2018-09-25 15:52:49','1','2018-09-25 15:52:49','1','V1.0.1','V1.0.1','10.0.115.66','10.0.115.66','0',NULL),('30f0744e9d014b418da4f77b659e7329','1','10.216.70.159','2018-10-23 15:35:52','2018-10-23 15:35:52','1','2018-10-23 15:35:52','1','V1.0.1','V1.0.1','10.216.70.159','10.216.70.159','0',NULL),('32da0a54ceb347758614d9b124af5e15','1','10.0.115.66','2018-09-19 10:21:15','2018-09-19 10:21:15','1','2018-09-19 10:21:15','1','V1.0.1','V1.0.1','10.0.115.66','10.0.115.66','0',NULL),('37071898f5eb40de9f29754c2b0763f6','1','10.216.70.159','2018-10-23 15:18:54','2018-10-23 15:18:54','1','2018-10-23 15:18:54','1','V1.0.1','V1.0.1','10.216.70.159','10.216.70.159','0',NULL),('3742414d5ef5408b9368b66479e94156','1','10.0.115.66','2018-09-25 15:18:26','2018-09-25 15:18:26','1','2018-09-25 15:18:26','1','V1.0.1','V1.0.1','10.0.115.66','10.0.115.66','0',NULL),('3898a8d8bbbf4753bb627e71425982f4','1','10.0.115.66','2018-09-18 14:46:05','2018-09-18 14:46:05','1','2018-09-18 14:46:05','1','V1.0.1','V1.0.1','10.0.115.66','10.0.115.66','0',NULL),('390ff5d127c64913a6e98116aeca1d42','1','10.216.70.159','2018-10-12 16:49:05','2018-10-12 16:49:05','1','2018-10-12 16:49:05','1','V1.0.1','V1.0.1','10.216.70.159','10.216.70.159','0',NULL),('3d69771ed6f144b98c1921ca8f10ae4d','1','10.0.115.66','2018-09-20 09:45:52','2018-09-20 09:45:52','1','2018-09-20 09:45:52','1','V1.0.1','V1.0.1','10.0.115.66','10.0.115.66','0',NULL),('441718789f654269b46710b67bd84694','1','10.0.115.66','2018-09-19 11:36:45','2018-09-19 11:36:45','1','2018-09-19 11:36:45','1','V1.0.1','V1.0.1','10.0.115.66','10.0.115.66','0',NULL),('4791942f571e4db88f6e223744886258','1','10.0.115.66','2018-09-19 11:42:29','2018-09-19 11:42:29','1','2018-09-19 11:42:29','1','V1.0.1','V1.0.1','10.0.115.66','10.0.115.66','0',NULL),('49f174d46322443296ded6319337e2fd','1','10.0.115.66','2018-09-19 09:38:07','2018-09-19 09:38:07','1','2018-09-19 09:38:07','1','V1.0.1','V1.0.1','10.0.115.66','10.0.115.66','0',NULL),('4c74d2d07ef84933bbda38f0e6c59880','1','10.0.115.66','2018-09-19 11:37:49','2018-09-19 11:37:49','1','2018-09-19 11:37:49','1','V1.0.1','V1.0.1','10.0.115.66','10.0.115.66','0',NULL),('50e2b3bf35794457b9c3ec5a9b30b4f8','1','10.216.70.159','2018-10-23 15:19:41','2018-10-23 15:19:41','1','2018-10-23 15:19:41','1','V1.0.1','V1.0.1','10.216.70.159','10.216.70.159','0',NULL),('526123c8c3534d2a85a4dc5cbeb2c3ee','1','10.0.115.66','2018-09-19 10:19:36','2018-09-19 10:19:36','1','2018-09-19 10:19:36','1','V1.0.1','V1.0.1','10.0.115.66','10.0.115.66','0',NULL),('54210899c6f94fffa7e46e30e43178f7','1','10.0.115.66','2018-09-26 16:12:31','2018-09-26 16:12:31','1','2018-09-26 16:12:31','1','V1.0.1','V1.0.1','10.0.115.66','10.0.115.66','0',NULL),('570f673b2f6241daa925078d1027ff49','1','10.0.115.66','2018-09-20 08:45:37','2018-09-20 08:45:37','1','2018-09-20 08:45:37','1','V1.0.1','V1.0.1','10.0.115.66','10.0.115.66','0',NULL),('5a36eb03607e4a09be766d66a7ba6ccb','1','10.216.70.159','2018-10-23 15:23:06','2018-10-23 15:23:06','1','2018-10-23 15:23:06','1','V1.0.1','V1.0.1','10.216.70.159','10.216.70.159','0',NULL),('5a4453ba90b34d8c9aafbf7b620d4573','1','10.0.115.66','2018-09-19 09:15:15','2018-09-19 09:15:15','1','2018-09-19 09:15:15','1','V1.0.1','V1.0.1','10.0.115.66','10.0.115.66','0',NULL),('5b5d81207d014614a6db86a3cde940f8','1','10.0.115.66','2018-09-19 10:33:18','2018-09-19 10:33:18','1','2018-09-19 10:33:18','1','V1.0.1','V1.0.1','10.0.115.66','10.0.115.66','0',NULL),('607ecbb0710f4e149a905836042beab5','1','192.168.249.62','2018-09-16 13:54:18','2018-09-16 13:54:18','1','2018-09-16 13:54:18','1','V1.0.1','V1.0.1','192.168.249.62','192.168.249.62','0',NULL),('64477f076bf549fdb121b9511c779634','1','10.216.70.159','2018-10-23 15:15:46','2018-10-23 15:15:46','1','2018-10-23 15:15:46','1','V1.0.1','V1.0.1','10.216.70.159','10.216.70.159','0',NULL),('6dc41dfdff0b459fb09f3ba5c0adbc1b','1','10.0.115.66','2018-09-19 10:33:21','2018-09-19 10:33:21','1','2018-09-19 10:33:21','1','V1.0.1','V1.0.1','10.0.115.66','10.0.115.66','0',NULL),('6f8ecebe71ae4190b447993f8c5f3c27','1','10.0.115.66','2018-09-19 11:31:25','2018-09-19 11:31:25','1','2018-09-19 11:31:25','1','V1.0.1','V1.0.1','10.0.115.66','10.0.115.66','0',NULL),('742a5ce82800452b92e6d6b551efc9e6','1','10.0.115.66','2018-09-19 10:33:25','2018-09-19 10:33:25','1','2018-09-19 10:33:25','1','V1.0.1','V1.0.1','10.0.115.66','10.0.115.66','0',NULL),('746d74fd137843358d8e37dab4d494e2','1','10.0.115.66','2018-09-25 15:32:28','2018-09-25 15:32:28','1','2018-09-25 15:32:28','1','V1.0.1','V1.0.1','10.0.115.66','10.0.115.66','0',NULL),('776e4130022044428f655cdf99cf6b50','1','10.0.115.66','2018-09-25 14:48:45','2018-09-25 14:48:45','1','2018-09-25 14:48:45','1','V1.0.1','V1.0.1','10.0.115.66','10.0.115.66','0',NULL),('7831e8961d6b4978a0f1a162bc59cf85','1','10.0.115.66','2018-09-18 11:01:48','2018-09-18 11:01:48','1','2018-09-18 11:01:48','1','V1.0.1','V1.0.1','10.0.115.66','10.0.115.66','0',NULL),('797c98f0168f4070afa280e7a694d93f','1','10.0.115.66','2018-09-19 11:04:03','2018-09-19 11:04:03','1','2018-09-19 11:04:03','1','V1.0.1','V1.0.1','10.0.115.66','10.0.115.66','0',NULL),('7fb05728ab8042368988f601d5241819','1','10.0.115.66','2018-09-19 11:44:26','2018-09-19 11:44:26','1','2018-09-19 11:44:26','1','V1.0.1','V1.0.1','10.0.115.66','10.0.115.66','0',NULL),('860249048d6c43669305eed0e8285c04','1','10.0.115.66','2018-09-19 10:21:21','2018-09-19 10:21:21','1','2018-09-19 10:21:21','1','V1.0.1','V1.0.1','10.0.115.66','10.0.115.66','0',NULL),('86edff4bc86048c487db6e274ad2f2f4','1','10.0.115.66','2018-09-19 11:46:15','2018-09-19 11:46:15','1','2018-09-19 11:46:15','1','V1.0.1','V1.0.1','10.0.115.66','10.0.115.66','0',NULL),('9b88789747914a6c97d352de314f9569','1','10.0.115.66','2018-09-19 09:22:36','2018-09-19 09:22:36','1','2018-09-19 09:22:36','1','V1.0.1','V1.0.1','10.0.115.66','10.0.115.66','0',NULL),('a8d48b076f614d22ad0f203a8424fb00','1','10.0.115.66','2018-09-25 14:44:22','2018-09-25 14:44:22','1','2018-09-25 14:44:22','1','V1.0.1','V1.0.1','10.0.115.66','10.0.115.66','0',NULL),('b2c2ebec081748b9b6cb2c758bf80196','1','10.0.115.66','2018-09-19 11:35:02','2018-09-19 11:35:02','1','2018-09-19 11:35:02','1','V1.0.1','V1.0.1','10.0.115.66','10.0.115.66','0',NULL),('bb605bfd09324afc8eb0a67b6708d609','1','10.216.70.159','2018-10-17 09:33:06','2018-10-17 09:33:06','1','2018-10-17 09:33:06','1','V1.0.1','V1.0.1','10.216.70.159','10.216.70.159','0',NULL),('bc3b5585136741c9bb539dc4bfded5a2','1','10.0.115.66','2018-09-18 11:02:14','2018-09-18 11:02:14','1','2018-09-18 11:02:14','1','V1.0.1','V1.0.1','10.0.115.66','10.0.115.66','0',NULL),('c5cc8168e07043008674d8c3dbcc2c55','1','10.216.70.159','2018-10-23 15:25:29','2018-10-23 15:25:29','1','2018-10-23 15:25:29','1','V1.0.1','V1.0.1','10.216.70.159','10.216.70.159','0',NULL),('cc9a6f75b9844769ad8433b027c7f00c','1','10.0.115.66','2018-09-19 11:37:47','2018-09-19 11:37:47','1','2018-09-19 11:37:47','1','V1.0.1','V1.0.1','10.0.115.66','10.0.115.66','0',NULL),('d09282a894a0488195f1e0aa44108117','1','10.0.115.66','2018-09-19 10:32:22','2018-09-19 10:32:22','1','2018-09-19 10:32:22','1','V1.0.1','V1.0.1','10.0.115.66','10.0.115.66','0',NULL),('d79fa7e9a2b042a09195acee89ee98bb','1','10.216.70.159','2018-10-23 16:01:49','2018-10-23 16:01:49','1','2018-10-23 16:01:49','1','V1.0.1','V1.0.1','10.216.70.159','10.216.70.159','0',NULL),('db999421bb0e46049cabd8afca8be45a','1','10.0.115.66','2018-09-19 11:37:48','2018-09-19 11:37:48','1','2018-09-19 11:37:48','1','V1.0.1','V1.0.1','10.0.115.66','10.0.115.66','0',NULL),('e29b144ac1cd49008f8607970f074631','1','10.0.115.66','2018-09-19 10:32:31','2018-09-19 10:32:31','1','2018-09-19 10:32:31','1','V1.0.1','V1.0.1','10.0.115.66','10.0.115.66','0',NULL),('e408a566c6e146bd9238ee98182ae080','1','10.216.70.159','2018-10-23 15:37:51','2018-10-23 15:37:51','1','2018-10-23 15:37:51','1','V1.0.1','V1.0.1','10.216.70.159','10.216.70.159','0',NULL),('e848b2b905994b7c896678532acf2f1d','1','10.216.70.159','2018-10-23 15:36:28','2018-10-23 15:36:28','1','2018-10-23 15:36:28','1','V1.0.1','V1.0.1','10.216.70.159','10.216.70.159','0',NULL),('f234d9c4ce5f43069bcf84d89a4dfcc1','1','10.0.115.66','2018-09-19 11:37:45','2018-09-19 11:37:45','1','2018-09-19 11:37:45','1','V1.0.1','V1.0.1','10.0.115.66','10.0.115.66','0',NULL),('fc17af9fb39243cfbfa83a7fb1ae2360','1','10.216.70.159','2018-10-23 16:10:15','2018-10-23 16:10:15','1','2018-10-23 16:10:15','1','V1.0.1','V1.0.1','10.216.70.159','10.216.70.159','0',NULL),('fc9b9efe4f43481fa272478418ef953f','1','10.0.115.66','2018-09-19 10:28:48','2018-09-19 10:28:48','1','2018-09-19 10:28:48','1','V1.0.1','V1.0.1','10.0.115.66','10.0.115.66','0',NULL);
/*!40000 ALTER TABLE `sys_login_history` ENABLE KEYS */;
UNLOCK TABLES;

--
-- Table structure for table `sys_menu`
--

DROP TABLE IF EXISTS `sys_menu`;
/*!40101 SET @saved_cs_client     = @@character_set_client */;
/*!40101 SET character_set_client = utf8 */;
CREATE TABLE `sys_menu` (
  `id` varchar(64) NOT NULL COMMENT '编号',
  `parentId` varchar(64) DEFAULT NULL COMMENT '父级编号',
  `longCode` varchar(2000) DEFAULT NULL COMMENT '所有父级编号',
  `name` varchar(100) DEFAULT NULL COMMENT '名称',
  `sort` decimal(10,0) DEFAULT NULL COMMENT '排序',
  `href` varchar(2000) DEFAULT NULL COMMENT '链接',
  `target` varchar(20) DEFAULT NULL COMMENT '目标',
  `icon` varchar(100) DEFAULT NULL COMMENT '图标',
  `is_show` char(1) DEFAULT NULL COMMENT '是否在菜单中显示',
  `permission` varchar(200) DEFAULT NULL COMMENT '权限标识',
  `createUser` varchar(64) DEFAULT NULL COMMENT '创建者',
  `createDate` datetime DEFAULT NULL COMMENT '创建时间',
  `lastUpdateUser` varchar(64) DEFAULT NULL COMMENT '更新者',
  `lastUpdateDate` datetime DEFAULT NULL COMMENT '更新时间',
  `remarks` varchar(255) DEFAULT NULL COMMENT '备注信息',
  `version` varchar(45) DEFAULT NULL,
  `lastUpdateVersion` varchar(45) DEFAULT NULL,
  `ip` varchar(45) DEFAULT NULL,
  `lastUpdateIp` varchar(45) DEFAULT NULL,
  `longName` varchar(500) DEFAULT NULL,
  `depth` char(2) DEFAULT NULL,
  `sysData` varchar(32) DEFAULT '0',
  `status` varchar(32) DEFAULT '0',
  PRIMARY KEY (`id`),
  KEY `sys_menu_parent_id` (`parentId`) USING BTREE
) ENGINE=InnoDB DEFAULT CHARSET=utf8 COMMENT='菜单表';
/*!40101 SET character_set_client = @saved_cs_client */;

--
-- Dumping data for table `sys_menu`
--

LOCK TABLES `sys_menu` WRITE;
/*!40000 ALTER TABLE `sys_menu` DISABLE KEYS */;
INSERT INTO `sys_menu` VALUES ('0f961b7a2b0f461faa7399d8d451ab75','6c0aa7ae6a3347dea96d4cc6aa6ab492','0,1,6c0aa7ae6a3347dea96d4cc6aa6ab492,0f961b7a2b0f461faa7399d8d451ab75','栏目设置',30,'/cms/columns',NULL,'<i class=\"layui-icon layui-icon-template-1\"></i>','1','','1','2018-09-11 17:00:57',NULL,NULL,'','V1.0.1',NULL,'10.216.70.159',NULL,'功能菜单,CMS,栏目设置',NULL,'0','0'),('1','0','0,1','功能菜单',0,NULL,NULL,'','1',NULL,'1','2013-05-27 08:00:00','1','2013-05-27 08:00:00',NULL,'V1.0.1','V1.0.1','10.216.70.159','10.216.70.159','功能菜单','0','1','0'),('11e1f4fb9ff14df1b7d3d4de7f0e4722','94b5cdface3740bd8f944356f10e8607','0,1,94b5cdface3740bd8f944356f10e8607,11e1f4fb9ff14df1b7d3d4de7f0e4722','CXF服务',30,'/server/cxf/',NULL,'<i class=\"fa fa-support\"></i>','1','2','1','2018-06-28 15:27:16',NULL,NULL,'CXF服务相关','V1.0.1',NULL,'10.216.70.159',NULL,'功能菜单,服务管理,CXF服务','2','0','0'),('17','3','0,1,2,3,17','机构管理',40,'/sys/office/','','<i class=\"fa fa-sitemap\"></i>','1','','1','2013-05-27 08:00:00','1','2018-01-26 13:26:06','','V1.0.1','V0.0.1','10.216.70.159','10.216.70.159','功能菜单,系统设置,机构管理','2','0','0'),('1a4d4372adba4bc68912efeea74a0349','51e1e81ad3224da9bc11908be20cda32','0,1,51e1e81ad3224da9bc11908be20cda32,1a4d4372adba4bc68912efeea74a0349','SQL规范',50,'/doc/sql',NULL,'<i class=\"fa fa-user\"></i>','1','sql','1','2018-07-02 11:30:09',NULL,NULL,'','V1.0.1',NULL,'10.216.70.159',NULL,'功能菜单,使用文档,SQL规范',NULL,'0','0'),('2','1','0,1,2','系统设置',70,'','','<i class=\"fa fa-gear\"></i>','1','','1','2013-05-27 08:00:00','1','2018-03-13 23:21:35','','V1.0.1','V1.0.1','10.216.70.159','192.168.1.4','功能菜单,系统设置','1','0','0'),('20','3','0,1,2,3,20','用户管理',30,'/sys/user/index','','<i class=\"fa fa-user\"></i>','1','','1','2013-05-27 08:00:00','1','2018-01-26 13:22:22','','V1.0.1','V0.0.1','10.216.70.159','10.216.70.159','功能菜单,系统设置,用户管理','2','0','0'),('24','1','0,1,24','官方首页',80,'/f','_blank','<i class=\"fa fa-home\"></i>','1','','1','2013-05-27 08:00:00','1','2018-03-09 14:16:20','','V1.0.1','V1.0.1','10.216.70.159','10.216.70.159','功能菜单,官方首页','1','0','0'),('3','2','0,1,2,3','系统设置',20,NULL,NULL,'<i class=\"fa fa-gears\"></i>','1',NULL,'1','2013-05-27 08:00:00','1','2013-05-27 08:00:00',NULL,'V1.0.1','V1.0.1','10.216.70.159','10.216.70.159','功能菜单,系统设置,系统设置','2','0','0'),('33925e1329f247dd9d5f15907ab9f215','d180bb8fd56541d3af9037b75102cb18','0,1,d180bb8fd56541d3af9037b75102cb18,33925e1329f247dd9d5f15907ab9f215','模型管理',30,'/act/modeler/',NULL,'<i class=\"fa fa-life-ring\"></i>','1','d','1','2018-07-06 14:03:48',NULL,NULL,'模型管理','V1.0.1',NULL,'10.216.70.159',NULL,'功能菜单,流程管理,模型管理',NULL,'0','0'),('3661424b920d489192125cb281837fe1','51e1e81ad3224da9bc11908be20cda32','0,1,51e1e81ad3224da9bc11908be20cda32,3661424b920d489192125cb281837fe1','Java规范',30,'/doc/java',NULL,'<i class=\"fa fa-user\"></i>','1','java','1','2018-07-02 11:28:36',NULL,NULL,'','V1.0.1',NULL,'10.216.70.159',NULL,'功能菜单,使用文档,Java规范',NULL,'0','0'),('4','3','0,1,2,3,4','菜单管理',30,'/sys/menu/','','<i class=\"fa fa-pencil\"></i>','1','','1','2013-05-27 08:00:00','1','2018-01-26 13:27:03','','V1.0.1','V0.0.1','10.216.70.159','10.216.70.159','功能菜单,系统设置,菜单管理','2','0','0'),('51e1e81ad3224da9bc11908be20cda32','1','0,1,51e1e81ad3224da9bc11908be20cda32','使用文档',100,NULL,NULL,'<i class=\"fa fa-book\"></i>','1',NULL,'1','2013-05-27 08:00:00','1','2018-03-09 14:16:20',NULL,'V1.0.1','V1.0.1','10.216.70.159','10.216.70.159','功能菜单,使用文档','1','0','0'),('51e1e81ad3224da9bc11908be20cda41','3','0,1,2,3,51e1e81ad3224da9bc11908be20cda41','数据字典',10,'/sys/dicttype/',NULL,'<i class=\"fa fa-building\"></i>','1','sss','1','2018-05-29 13:48:06','1','2018-01-26 13:27:03','','V1.0.1','V1.0.1','10.216.70.159','10.216.70.159','功能菜单,系统设置,数据字典','2','0','0'),('554131d60c554308b105dba8b665db9f','6c0aa7ae6a3347dea96d4cc6aa6ab492','0,1,6c0aa7ae6a3347dea96d4cc6aa6ab492,554131d60c554308b105dba8b665db9f','文章管理',30,'/cms/article/',NULL,'<i class=\"layui-icon layui-icon-read\"></i>','1','','1','2018-09-12 22:26:55',NULL,NULL,'','V1.0.1',NULL,'192.168.249.62',NULL,'功能菜单,CMS,文章管理',NULL,'0','0'),('5e0d097ed5a64dd9a0aeff648dfd5175','51e1e81ad3224da9bc11908be20cda32','0,1,51e1e81ad3224da9bc11908be20cda32,5e0d097ed5a64dd9a0aeff648dfd5175','前端文档',20,'/sys/doc/front/',NULL,'<i class=\"fa fa-user\"></i>','1','ss','1','2018-07-02 11:23:42',NULL,NULL,'','V1.0.1',NULL,'10.216.70.159',NULL,'功能菜单,使用文档,前端文档',NULL,'0','0'),('67','2','0,1,2,67','统计监控',30,NULL,NULL,'<i class=\"fa fa-line-chart\"></i>','1',NULL,'1','2013-06-03 08:00:00','1','2013-06-03 08:00:00',NULL,'V1.0.1','V1.0.1','10.216.70.159','10.216.70.159','功能菜单,统计监控','1','0','0'),('68','67','0,1,2,67,68','日志查询',30,'/sys/log','','<i class=\"fa fa-navicon\"></i>','1','sys:log:view','1','2013-06-03 08:00:00','1','2018-01-26 13:28:17','','V1.0.1','V0.0.1','10.216.70.159','10.216.70.159','功能菜单,统计监控,日志查询','2','0','0'),('6c0aa7ae6a3347dea96d4cc6aa6ab492','1','0,1,6c0aa7ae6a3347dea96d4cc6aa6ab492','CMS',30,'',NULL,'<i class=\"layui-icon layui-icon-form\"></i>','1','','1','2018-09-11 16:59:43',NULL,NULL,'','V1.0.1',NULL,'10.216.70.159',NULL,'功能菜单,CMS',NULL,'0','0'),('7','3','0,1,2,3,7','角色管理',50,'/sys/role/','','<i class=\"fa fa-users\"></i>','1','','1','2013-05-27 08:00:00','1','2018-01-26 13:28:03','','V1.0.1','V0.0.1','10.216.70.159','10.216.70.159','功能菜单,系统设置,角色管理','2','0','0'),('84','67','0,1,2,67,84','连接池监视',40,'/../druid',NULL,'<i class=\"fa fa-plug\"></i>','1',NULL,'1','2013-10-18 08:00:00','1','2013-10-18 08:00:00',NULL,'V1.0.1','V1.0.1','10.216.70.159','10.216.70.159','功能菜单,统计监控,连接池','2','0','0'),('94b5cdface3740bd8f944356f10e8607','1','0,1,94b5cdface3740bd8f944356f10e8607','服务管理',30,'/x/f',NULL,'<i class=\"fa fa-server\"></i>','1','x','1','2018-06-28 15:24:16',NULL,NULL,'cxf服务管理','V1.0.1',NULL,'10.216.70.159',NULL,'功能菜单,服务管理','1','0','0'),('a685aec9d5bb4ec3a9a0b99f9c7d5b5d','51e1e81ad3224da9bc11908be20cda32','0,1,51e1e81ad3224da9bc11908be20cda32,a685aec9d5bb4ec3a9a0b99f9c7d5b5d','Scala规范',40,'/doc/scala',NULL,'<i class=\"fa fa-user\"></i>','1','scala','1','2018-07-02 11:29:44',NULL,NULL,'','V1.0.1',NULL,'10.216.70.159',NULL,'功能菜单,使用文档,Scala规范',NULL,'0','0'),('a6c5448e81894e3b802771b226f5d923','51e1e81ad3224da9bc11908be20cda32','0,1,51e1e81ad3224da9bc11908be20cda32,a6c5448e81894e3b802771b226f5d923','JS开发规范',60,'/doc/js',NULL,'<i class=\"fa fa-user\"></i>','1','js','1','2018-07-02 11:29:11',NULL,NULL,'','V1.0.1',NULL,'10.216.70.159',NULL,'功能菜单,使用文档,JS开发规范',NULL,'0','0'),('d180bb8fd56541d3af9037b75102cb18','1','0,1,d180bb8fd56541d3af9037b75102cb18','流程管理',30,'',NULL,'<i class=\"fa fa-industry\"></i>','1','flow','1','2018-07-06 13:59:10',NULL,NULL,'流程管理','V1.0.1',NULL,'10.216.70.159',NULL,'功能菜单,流程管理','1','0','0'),('d3e12dbf9e4f41739298f04aebc644ba','6c0aa7ae6a3347dea96d4cc6aa6ab492','0,1,6c0aa7ae6a3347dea96d4cc6aa6ab492,d3e12dbf9e4f41739298f04aebc644ba','留言管理',30,'/cms/guestbook',NULL,'<i class=\"layui-icon layui-icon-tabs\"></i>','1','','1','2018-09-15 16:25:14',NULL,NULL,'','V1.0.1',NULL,'192.168.249.62',NULL,'功能菜单,CMS,留言管理',NULL,'0','0'),('ec1aa74b11e542b19e4f43e8a15afa99','51e1e81ad3224da9bc11908be20cda32','0,1,51e1e81ad3224da9bc11908be20cda32,ec1aa74b11e542b19e4f43e8a15afa99','后端文档',10,'/sys/doc/backend',NULL,'<i class=\"fa fa-user\"></i>','1','222','1','2018-07-02 11:24:30',NULL,NULL,'','V1.0.1',NULL,'10.216.70.159',NULL,'功能菜单,使用文档,后端文档',NULL,'0','0'),('f4d9d0382140445599f00bfd509573ea','51e1e81ad3224da9bc11908be20cda32','0,1,51e1e81ad3224da9bc11908be20cda32,f4d9d0382140445599f00bfd509573ea','CSS规范',70,'/doc/css',NULL,'<i class=\"fa fa-user\"></i>','1','css','1','2018-07-02 11:28:00',NULL,NULL,'','V1.0.1',NULL,'10.216.70.159',NULL,'功能菜单,使用文档,CSS规范',NULL,'0','0');
/*!40000 ALTER TABLE `sys_menu` ENABLE KEYS */;
UNLOCK TABLES;

--
-- Table structure for table `sys_office`
--

DROP TABLE IF EXISTS `sys_office`;
/*!40101 SET @saved_cs_client     = @@character_set_client */;
/*!40101 SET character_set_client = utf8 */;
CREATE TABLE `sys_office` (
  `id` varchar(32) NOT NULL COMMENT '编号',
  `parentId` varchar(32) DEFAULT NULL COMMENT '父级编号',
  `longCode` varchar(2000) DEFAULT NULL COMMENT '所有父级编号',
  `longName` varchar(500) DEFAULT NULL,
  `name` varchar(100) DEFAULT NULL COMMENT '名称',
  `sort` decimal(10,0) DEFAULT NULL COMMENT '排序',
  `abbreviation` varchar(64) DEFAULT NULL COMMENT '简称',
  `code` varchar(100) DEFAULT NULL COMMENT '区域编码',
  `depth` decimal(10,0) DEFAULT NULL,
  `type` varchar(32) DEFAULT NULL COMMENT '机构类型',
  `grade` varchar(32) DEFAULT NULL COMMENT '机构等级',
  `address` varchar(255) DEFAULT NULL COMMENT '联系地址',
  `zipCode` varchar(100) DEFAULT NULL COMMENT '邮政编码',
  `sysData` varchar(32) DEFAULT '0',
  `status` varchar(32) DEFAULT NULL,
  `remarks` varchar(255) DEFAULT NULL COMMENT '备注信息',
  `createUser` varchar(64) DEFAULT NULL COMMENT '创建者',
  `createDate` datetime DEFAULT NULL COMMENT '创建时间',
  `ip` varchar(45) DEFAULT NULL,
  `version` varchar(45) DEFAULT NULL,
  `lastUpdateUser` varchar(64) DEFAULT NULL COMMENT '更新者',
  `lastUpdateDate` datetime DEFAULT NULL COMMENT '更新时间',
  `lastUpdateIp` varchar(45) DEFAULT NULL,
  `lastUpdateVersion` varchar(45) DEFAULT NULL,
  PRIMARY KEY (`id`),
  KEY `sys_office_parent_id` (`parentId`) USING BTREE,
  KEY `sys_office_type` (`type`) USING BTREE
) ENGINE=InnoDB DEFAULT CHARSET=utf8 COMMENT='机构表';
/*!40101 SET character_set_client = @saved_cs_client */;

--
-- Dumping data for table `sys_office`
--

LOCK TABLES `sys_office` WRITE;
/*!40000 ALTER TABLE `sys_office` DISABLE KEYS */;
INSERT INTO `sys_office` VALUES ('0ead2f0cc5a441eeba3c07f9792f7a65','e4e090f9ecb64b798d59963af7fdf994','0,1,e4e090f9ecb64b798d59963af7fdf994,0ead2f0cc5a441eeba3c07f9792f7a65','省软考办,河北地区,巨鹿郡','巨鹿郡',50,NULL,'0005',NULL,'','',NULL,NULL,'0','0','','1','2018-06-29 17:21:58','10.216.70.159','V1.0.1',NULL,NULL,NULL,NULL),('1','0','0,1','大秦帝国','大秦帝国',10,'ada6d329899946599cc59da978876120','100000',1,'1','1','','','1','0','','1','2013-05-27 08:00:00','10.216.70.159','V1.0.1','1','2015-11-13 10:25:43','10.216.70.159','V1.0.1'),('102e3d2ab026453bbe7deaf4bcc960b9','368ae91449a14f06ad986e17aa3b7048','0,1,368ae91449a14f06ad986e17aa3b7048,102e3d2ab026453bbe7deaf4bcc960b9','省软考办,测试,云中郡','云中郡',60,NULL,'00036',NULL,'','',NULL,NULL,'0','0','','1','2018-06-28 18:23:44','10.216.70.159','V1.0.1',NULL,NULL,NULL,NULL),('14112e3451f1491694d1e5b21749348a','368ae91449a14f06ad986e17aa3b7048','0,1,368ae91449a14f06ad986e17aa3b7048,14112e3451f1491694d1e5b21749348a','省软考办,测试,新秦中郡','新秦中郡',80,NULL,'00038',NULL,'','',NULL,NULL,'0','0','','1','2018-06-28 18:24:11','10.216.70.159','V1.0.1',NULL,NULL,NULL,NULL),('271d55a2622345ce9e265bc1aae6ab17','1','0,1,271d55a2622345ce9e265bc1aae6ab17','省软考办,淮汉以南','淮汉以南',50,NULL,'0005',NULL,'','',NULL,NULL,'0','0','','1','2018-06-28 18:22:25','10.216.70.159','V1.0.1',NULL,NULL,NULL,NULL),('2bb12eee6dd64bdb9539c8579fc4cf68','368ae91449a14f06ad986e17aa3b7048','0,1,368ae91449a14f06ad986e17aa3b7048,2bb12eee6dd64bdb9539c8579fc4cf68','省软考办,测试,北地郡','北地郡',50,NULL,'00043',NULL,'','',NULL,NULL,'0','0','','1','2018-06-28 18:23:26','10.216.70.159','V1.0.1',NULL,NULL,NULL,NULL),('368ae91449a14f06ad986e17aa3b7048','1','0,1,368ae91449a14f06ad986e17aa3b7048','大秦帝国,关中地区','关中地区',20,'347c885ccc8845888d413fa7396e50fc','00001',2,'2','1',NULL,NULL,'0','0','','1','2018-04-24 10:10:11','10.216.70.159','V1.0.1','1','2015-11-13 10:25:43','10.216.70.159','V1.0.1'),('47e70768a4de4d368f2fdad411e0d4f8','1','0,1,47e70768a4de4d368f2fdad411e0d4f8','省软考办,河南地区','河南地区',30,NULL,'00003',NULL,'','',NULL,NULL,'0','0','','1','2018-06-28 18:21:47','10.216.70.159','V1.0.1',NULL,NULL,NULL,NULL),('5e26edecfef243c4b25aaf444f89059e','e4e090f9ecb64b798d59963af7fdf994','0,1,e4e090f9ecb64b798d59963af7fdf994,5e26edecfef243c4b25aaf444f89059e','省软考办,河北地区,带郡','带郡',70,NULL,'0005',NULL,'','',NULL,NULL,'0','0','','1','2018-07-02 09:16:14','10.216.70.159','V1.0.1',NULL,NULL,NULL,NULL),('65908955f13245d8b6f2d67547bc8d2e','e4e090f9ecb64b798d59963af7fdf994','0,1,e4e090f9ecb64b798d59963af7fdf994,65908955f13245d8b6f2d67547bc8d2e','省软考办,河北地区,云中郡','云中郡',20,NULL,'0004',NULL,'','',NULL,NULL,'0','0','','1','2018-06-29 17:11:51','10.216.70.159','V1.0.1',NULL,NULL,NULL,NULL),('7f0dd40f12e9470da5341ffa597c6089','368ae91449a14f06ad986e17aa3b7048','0,1,368ae91449a14f06ad986e17aa3b7048,7f0dd40f12e9470da5341ffa597c6089','省软考办,测试,陇西郡','陇西郡',10,NULL,'00021',NULL,'','',NULL,NULL,'0','0','','1','2018-06-28 18:22:57','10.216.70.159','V1.0.1',NULL,NULL,NULL,NULL),('95190b65385b49c3aace599af7d4de75','368ae91449a14f06ad986e17aa3b7048','0,1,368ae91449a14f06ad986e17aa3b7048,95190b65385b49c3aace599af7d4de75','省软考办,测试,上郡','上郡',30,NULL,'00034',NULL,'','',NULL,NULL,'0','0','','1','2018-06-28 18:23:13','10.216.70.159','V1.0.1',NULL,NULL,NULL,NULL),('9f11d054818d4b159029841c4922a58a','368ae91449a14f06ad986e17aa3b7048','0,1,368ae91449a14f06ad986e17aa3b7048,9f11d054818d4b159029841c4922a58a','省软考办,测试,九江郡','九江郡',80,NULL,'00008',NULL,'','',NULL,NULL,'0','0','','1','2018-07-02 09:19:23','10.216.70.159','V1.0.1',NULL,NULL,NULL,NULL),('a747f8d28c9042799cb0bea412b231ca','368ae91449a14f06ad986e17aa3b7048','0,1,368ae91449a14f06ad986e17aa3b7048,a747f8d28c9042799cb0bea412b231ca','省软考办,测试,九原郡','九原郡',70,NULL,'00037',NULL,'','',NULL,NULL,'0','0','','1','2018-06-28 18:23:58','10.216.70.159','V1.0.1',NULL,NULL,NULL,NULL),('c50cfca0f6fb48ebb60feeaa3f1a4fae','e4e090f9ecb64b798d59963af7fdf994','0,1,e4e090f9ecb64b798d59963af7fdf994,c50cfca0f6fb48ebb60feeaa3f1a4fae','省软考办,河北地区,雁门郡','雁门郡',60,NULL,'0006',NULL,'','',NULL,NULL,'0','0','','1','2018-06-29 17:22:35','10.216.70.159','V1.0.1',NULL,NULL,NULL,NULL),('dfe3b214c21d4dee9113ee8fca2eaafb','e4e090f9ecb64b798d59963af7fdf994','0,1,e4e090f9ecb64b798d59963af7fdf994,dfe3b214c21d4dee9113ee8fca2eaafb','省软考办,河北地区,邯郸郡','邯郸郡',40,NULL,'0004',NULL,'','',NULL,NULL,'0','0','','1','2018-06-29 17:14:14','10.216.70.159','V1.0.1',NULL,NULL,NULL,NULL),('e4e090f9ecb64b798d59963af7fdf994','1','0,1,e4e090f9ecb64b798d59963af7fdf994','省软考办,河北地区','河北地区',40,NULL,'0004',NULL,'','',NULL,NULL,'0','0','','1','2018-06-28 18:22:09','10.216.70.159','V1.0.1',NULL,NULL,NULL,NULL),('ff9e9692131649818182254610a7d2f5','e4e090f9ecb64b798d59963af7fdf994','0,1,e4e090f9ecb64b798d59963af7fdf994,ff9e9692131649818182254610a7d2f5','省软考办,河北地区,太原郡','太原郡',20,NULL,'0004',NULL,'','',NULL,NULL,'0','0','','1','2018-06-29 17:11:06','10.216.70.159','V1.0.1',NULL,NULL,NULL,NULL);
/*!40000 ALTER TABLE `sys_office` ENABLE KEYS */;
UNLOCK TABLES;

--
-- Table structure for table `sys_role`
--

DROP TABLE IF EXISTS `sys_role`;
/*!40101 SET @saved_cs_client     = @@character_set_client */;
/*!40101 SET character_set_client = utf8 */;
CREATE TABLE `sys_role` (
  `id` varchar(32) NOT NULL COMMENT '编号',
  `name` varchar(100) NOT NULL COMMENT '角色名称',
  `enname` varchar(255) DEFAULT NULL COMMENT '英文名称',
  `roletype` varchar(32) DEFAULT NULL COMMENT '角色类型',
  `datascope` varchar(32) DEFAULT NULL COMMENT '数据范围',
  `sysdata` varchar(32) DEFAULT NULL COMMENT '是否系统数据,1:是，0：不是',
  `createUser` varchar(64) NOT NULL COMMENT '创建者',
  `createDate` datetime NOT NULL DEFAULT CURRENT_TIMESTAMP COMMENT '创建时间',
  `lastUpdateUser` varchar(64) NOT NULL COMMENT '更新者',
  `lastUpdateDate` datetime NOT NULL DEFAULT CURRENT_TIMESTAMP COMMENT '更新时间',
  `remarks` varchar(255) DEFAULT NULL COMMENT '备注信息',
  `version` varchar(45) DEFAULT NULL,
  `lastUpdateVersion` varchar(45) DEFAULT NULL,
  `ip` varchar(45) DEFAULT NULL,
  `lastUpdateIp` varchar(45) DEFAULT NULL,
  `status` varchar(32) DEFAULT NULL,
  PRIMARY KEY (`id`),
  KEY `sys_role_enname` (`enname`) USING BTREE
) ENGINE=InnoDB DEFAULT CHARSET=utf8 COMMENT='角色表';
/*!40101 SET character_set_client = @saved_cs_client */;

--
-- Dumping data for table `sys_role`
--

LOCK TABLES `sys_role` WRITE;
/*!40000 ALTER TABLE `sys_role` DISABLE KEYS */;
INSERT INTO `sys_role` VALUES ('1','系统管理员','dept','assignment','1','1','1','2013-05-27 08:00:00','1','2016-04-28 10:55:28','','V1.0.1','V1.0.1','10.216.70.159','10.216.70.159','0'),('6','普通用户','d','assignment','8','0','1','2013-05-27 08:00:00','1','2018-05-16 14:49:59','','V1.0.1','V1.0.1','10.216.70.159','10.216.70.159','0');
/*!40000 ALTER TABLE `sys_role` ENABLE KEYS */;
UNLOCK TABLES;

--
-- Table structure for table `sys_role_menu`
--

DROP TABLE IF EXISTS `sys_role_menu`;
/*!40101 SET @saved_cs_client     = @@character_set_client */;
/*!40101 SET character_set_client = utf8 */;
CREATE TABLE `sys_role_menu` (
  `role_id` varchar(64) NOT NULL COMMENT '角色编号',
  `menu_id` varchar(64) NOT NULL COMMENT '菜单编号',
  PRIMARY KEY (`role_id`,`menu_id`)
) ENGINE=InnoDB DEFAULT CHARSET=utf8 COMMENT='角色-菜单';
/*!40101 SET character_set_client = @saved_cs_client */;

--
-- Dumping data for table `sys_role_menu`
--

LOCK TABLES `sys_role_menu` WRITE;
/*!40000 ALTER TABLE `sys_role_menu` DISABLE KEYS */;
INSERT INTO `sys_role_menu` VALUES ('1','08d92c07ffea47018c28a4a37e6fc5f5'),('1','1'),('1','10'),('1','11'),('1','12'),('1','13'),('1','14'),('1','15'),('1','16'),('1','17'),('1','18'),('1','19'),('1','2'),('1','20'),('1','21'),('1','22'),('1','24'),('1','27'),('1','29'),('1','3'),('1','30'),('1','32e8366d1e194e8ebcb4d8943415630e'),('1','4'),('1','5'),('1','6'),('1','67'),('1','68'),('1','7'),('1','8'),('1','84'),('1','85'),('1','9'),('1','cf7c3ddc9ee249f2bed2a189b90dba54'),('1','fedc0cb9393e4295bb837763401a8032'),('6','1'),('6','10'),('6','13'),('6','17'),('6','2'),('6','20'),('6','24'),('6','3'),('6','4'),('6','67'),('6','68'),('6','7'),('6','84'),('c51a5dd4461f46499f1df2d11a4adc8a','1'),('c51a5dd4461f46499f1df2d11a4adc8a','13'),('c51a5dd4461f46499f1df2d11a4adc8a','17'),('c51a5dd4461f46499f1df2d11a4adc8a','2'),('c51a5dd4461f46499f1df2d11a4adc8a','20'),('c51a5dd4461f46499f1df2d11a4adc8a','24'),('c51a5dd4461f46499f1df2d11a4adc8a','3'),('c51a5dd4461f46499f1df2d11a4adc8a','4'),('c51a5dd4461f46499f1df2d11a4adc8a','51e1e81ad3224da9bc11908be20cda41'),('c51a5dd4461f46499f1df2d11a4adc8a','67'),('c51a5dd4461f46499f1df2d11a4adc8a','68'),('c51a5dd4461f46499f1df2d11a4adc8a','7'),('c51a5dd4461f46499f1df2d11a4adc8a','84');
/*!40000 ALTER TABLE `sys_role_menu` ENABLE KEYS */;
UNLOCK TABLES;

--
-- Table structure for table `sys_role_office`
--

DROP TABLE IF EXISTS `sys_role_office`;
/*!40101 SET @saved_cs_client     = @@character_set_client */;
/*!40101 SET character_set_client = utf8 */;
CREATE TABLE `sys_role_office` (
  `role_id` varchar(64) NOT NULL COMMENT '角色编号',
  `office_id` varchar(64) NOT NULL COMMENT '机构编号',
  PRIMARY KEY (`role_id`,`office_id`)
) ENGINE=InnoDB DEFAULT CHARSET=utf8 COMMENT='角色-机构';
/*!40101 SET character_set_client = @saved_cs_client */;

--
-- Dumping data for table `sys_role_office`
--

LOCK TABLES `sys_role_office` WRITE;
/*!40000 ALTER TABLE `sys_role_office` DISABLE KEYS */;
INSERT INTO `sys_role_office` VALUES ('1','1'),('1','2'),('1','3');
/*!40000 ALTER TABLE `sys_role_office` ENABLE KEYS */;
UNLOCK TABLES;

--
-- Table structure for table `sys_user`
--

DROP TABLE IF EXISTS `sys_user`;
/*!40101 SET @saved_cs_client     = @@character_set_client */;
/*!40101 SET character_set_client = utf8 */;
CREATE TABLE `sys_user` (
  `id` varchar(32) NOT NULL COMMENT '编号',
  `company_id` varchar(64) DEFAULT NULL COMMENT '归属公司',
  `office_id` varchar(64) DEFAULT NULL COMMENT '归属部门',
  `loginname` varchar(100) NOT NULL COMMENT '登录名',
  `password` varchar(100) NOT NULL COMMENT '密码',
  `no` varchar(100) DEFAULT NULL COMMENT '工号',
  `name` varchar(100) DEFAULT NULL COMMENT '姓名',
  `email` varchar(200) DEFAULT NULL COMMENT '邮箱',
  `phone` varchar(200) DEFAULT NULL COMMENT '电话',
  `mobile` varchar(200) DEFAULT NULL COMMENT '手机',
  `usertype` char(1) DEFAULT NULL COMMENT '用户类型',
  `photo` varchar(1000) DEFAULT NULL COMMENT '用户头像',
  `createUser` varchar(32) DEFAULT NULL COMMENT '创建者',
  `createDate` datetime DEFAULT CURRENT_TIMESTAMP COMMENT '创建时间',
  `lastUpdateUser` varchar(32) DEFAULT NULL COMMENT '更新者',
  `lastUpdateDate` datetime DEFAULT CURRENT_TIMESTAMP COMMENT '更新时间',
  `remarks` varchar(255) DEFAULT NULL COMMENT '备注信息',
  `loginflag` char(1) DEFAULT '1' COMMENT '是否允许登录：1、是；0、否',
  `gender` varchar(32) DEFAULT NULL COMMENT '性别',
  `idcard` char(18) DEFAULT NULL COMMENT '身份证号',
  `birthday` datetime DEFAULT NULL COMMENT '生日',
  `nation` char(10) DEFAULT NULL COMMENT '民族',
  `qq` char(20) DEFAULT NULL COMMENT 'QQ',
  `version` varchar(20) DEFAULT NULL,
  `lastUpdateVersion` varchar(20) DEFAULT NULL,
  `ip` varchar(20) DEFAULT NULL,
  `lastUpdateIp` varchar(20) DEFAULT NULL,
  `status` varchar(32) DEFAULT NULL COMMENT '状态',
  `sysdata` varchar(32) DEFAULT '0',
  PRIMARY KEY (`id`),
  KEY `sys_user_office_id` (`office_id`) USING BTREE,
  KEY `sys_user_login_name` (`loginname`) USING BTREE,
  KEY `sys_user_company_id` (`company_id`) USING BTREE,
  KEY `sys_user_update_date` (`lastUpdateDate`) USING BTREE,
  KEY `sys_user_del_flag` (`loginflag`) USING BTREE
) ENGINE=InnoDB DEFAULT CHARSET=utf8 COMMENT='用户表';
/*!40101 SET character_set_client = @saved_cs_client */;

--
-- Dumping data for table `sys_user`
--

LOCK TABLES `sys_user` WRITE;
/*!40000 ALTER TABLE `sys_user` DISABLE KEYS */;
INSERT INTO `sys_user` VALUES ('1','1','1','admin','37195579386e11fbb01e978d7af066dde06ae665ec6a273aac25260b','410185198211183030','超级管理员','liangxiaofeng1989@hotmai.com','029-88380192','13571813566','','38e4e03a971d418eb4289194534168d0','1','2013-05-27 08:00:00','1','2017-07-19 17:23:36','','1','e541ad28f12943a6be6bb9b735cc4a31','34343434','2015-12-03 00:00:00','汉族','22121212','v1.0.0.0','v1.0.0.0','127.0.0.1','127.0.0.1','0','1'),('18fb8b3f4d704a23bc1197f9b5d0e18e','1','1','wuxiling','37195579386e11fbb01e978d7af066dde06ae665ec6a273aac25260b','','巫溪灵','','','','','38e4e03a971d418eb4289194534168d0','1','2016-07-27 16:14:46','1','2017-07-20 15:43:59','','1','e541ad28f12943a6be6bb9b735cc4a31','123456789012345678','1989-07-27 00:00:00','汉族','','v1.0.0.0','v1.0.0.0','127.0.0.1','127.0.0.1','0','0'),('366b0428f97248feab58d6b156776476','1','1','user1','37195579386e11fbb01e978d7af066dde06ae665ec6a273aac25260b','0001','用户1','','','','','38e4e03a971d418eb4289194534168d0','1','2018-01-26 12:48:19','1','2018-01-26 12:49:03','','1','e541ad28f12943a6be6bb9b735cc4a31','24234','1984-01-26 00:00:00','24234','','V0.0.1','V0.0.1','10.216.70.159','10.216.70.159','0','0'),('38f90c52d29b47a08ee3202cba6c9905','1','1','zhangsan','087ecfad3e044f1b634086048f65a3081ab43730ac5c5a9ab1b50787','00001','张三','2@1.com',NULL,'13589768906','','38e4e03a971d418eb4289194534168d0','1','2018-03-09 09:20:15','1','2018-04-24 10:14:00','测试','1','e541ad28f12943a6be6bb9b735cc4a31','123456197806121456','1975-03-09 00:00:00','','','V1.0.1','V1.0.1','10.216.70.159','10.216.70.159','0','0'),('cf833c25e7854b73bd2ce6d9b2151c18','368ae91449a14f06ad986e17aa3b7048','368ae91449a14f06ad986e17aa3b7048','412412','37195579386e11fbb01e978d7af066dde06ae665ec6a273aac25260b','12412','124124','12412@123123.com',NULL,'13598709870','','38e4e03a971d418eb4289194534168d0','1','2018-04-25 14:36:41','1','2018-04-25 14:36:41','124124','1','e541ad28f12943a6be6bb9b735cc4a31','654786197809122341','2018-04-25 00:00:00','2','124124','V1.0.1','V1.0.1','10.216.70.159','10.216.70.159','0','0'),('fc991105ee9c4fd6a29e91e33029095e','368ae91449a14f06ad986e17aa3b7048','368ae91449a14f06ad986e17aa3b7048','diaochan','86c2921b858455b9b042ecfb4ce9e0c130d06a9bd36b471e6dfd940d','0002','貂蝉','2@22.com',NULL,'15623425896','','8298c78996dd45b68a59a8c26a347098','1','2018-06-28 17:08:36','1','2018-06-28 17:08:36','22222','1','e541ad28f12943a6be6bb9b735cc4a31','610321198906159797','2018-06-28 08:00:00','0','','V1.0.1','V1.0.1','10.216.70.159','10.216.70.159','0','0');
/*!40000 ALTER TABLE `sys_user` ENABLE KEYS */;
UNLOCK TABLES;

--
-- Table structure for table `sys_user_role`
--

DROP TABLE IF EXISTS `sys_user_role`;
/*!40101 SET @saved_cs_client     = @@character_set_client */;
/*!40101 SET character_set_client = utf8 */;
CREATE TABLE `sys_user_role` (
  `user_id` varchar(64) NOT NULL COMMENT '用户编号',
  `role_id` varchar(64) NOT NULL COMMENT '角色编号',
  PRIMARY KEY (`user_id`,`role_id`)
) ENGINE=InnoDB DEFAULT CHARSET=utf8 COMMENT='用户-角色';
/*!40101 SET character_set_client = @saved_cs_client */;

--
-- Dumping data for table `sys_user_role`
--

LOCK TABLES `sys_user_role` WRITE;
/*!40000 ALTER TABLE `sys_user_role` DISABLE KEYS */;
INSERT INTO `sys_user_role` VALUES ('1','1'),('1','6'),('18fb8b3f4d704a23bc1197f9b5d0e18e','1'),('18fb8b3f4d704a23bc1197f9b5d0e18e','6'),('366b0428f97248feab58d6b156776476','6'),('cf833c25e7854b73bd2ce6d9b2151c18','6');
/*!40000 ALTER TABLE `sys_user_role` ENABLE KEYS */;
UNLOCK TABLES;

--
-- Table structure for table `t_cms_article`
--

DROP TABLE IF EXISTS `t_cms_article`;
/*!40101 SET @saved_cs_client     = @@character_set_client */;
/*!40101 SET character_set_client = utf8 */;
CREATE TABLE `t_cms_article` (
  `id` varchar(32) NOT NULL COMMENT '主键',
  `title` varchar(64) DEFAULT NULL COMMENT '标题',
  `columnsId` varchar(64) DEFAULT NULL COMMENT '栏目',
  `snippet` varchar(100) DEFAULT NULL COMMENT '摘要',
  `image` varchar(100) DEFAULT NULL COMMENT '缩略图',
  `stick` decimal(15,0) DEFAULT '0' COMMENT '置顶',
  `content` text COMMENT '内容',
  `releaseDate` datetime DEFAULT NULL COMMENT '发布日期',
  `createUser` varchar(32) DEFAULT NULL COMMENT '创建者',
  `createDate` datetime DEFAULT CURRENT_TIMESTAMP COMMENT '创建时间',
  `lastUpdateUser` varchar(32) DEFAULT NULL COMMENT '更新者',
  `lastUpdateDate` datetime DEFAULT CURRENT_TIMESTAMP COMMENT '更新时间',
  `remarks` varchar(255) DEFAULT NULL COMMENT '备注信息',
  `version` varchar(20) DEFAULT NULL,
  `lastUpdateVersion` varchar(20) DEFAULT NULL,
  `ip` varchar(20) DEFAULT NULL,
  `lastUpdateIp` varchar(20) DEFAULT NULL,
  `status` varchar(32) DEFAULT '0' COMMENT '状态',
  `sysdata` varchar(32) DEFAULT '0',
  `hits` decimal(10,0) DEFAULT '0',
  `source` varchar(200) DEFAULT NULL,
  `releasetor` varchar(32) DEFAULT NULL COMMENT '发布者',
  PRIMARY KEY (`id`)
) ENGINE=InnoDB DEFAULT CHARSET=utf8 COMMENT='文章表';
/*!40101 SET character_set_client = @saved_cs_client */;

--
-- Dumping data for table `t_cms_article`
--

LOCK TABLES `t_cms_article` WRITE;
/*!40000 ALTER TABLE `t_cms_article` DISABLE KEYS */;
INSERT INTO `t_cms_article` VALUES ('03cd14569932459c9d7d1852271368c5','合作交流文章3','6e38ad754af54845948e1f25d873f20c',NULL,'',NULL,'<p>合作交流文章3</p>','2018-09-25 15:03:04','1','2018-09-25 15:00:10',NULL,'2018-09-25 15:00:10',NULL,'V1.0.1',NULL,'10.0.115.66',NULL,'1','0',0,'','1'),('08e57f548b024d72b8cfccfae4605bc9','航海学院成功举行第十九期青年教师学科论坛','87ad7806570346b58f1405557f7248ee',NULL,'d32f0febebf7439d8eb98791fb0ccaf5',24,'<p class=\"vsbcontent_start\">7月13日下午16:00，航海学院第十九期“青年教师学科论坛”在航海大楼成功举行，会议由自动控制系主任刘明雍教授主持，青年教师刘禄、张卓分别做题为“分数阶过程控制方法研究及应用”、“多智能体系统协同控制方法 及应用研究”专题报告，贺昱曜、张利军、李慧平教授、彭星光副教授、李乐助理教授等多名教师及部分学生代表参加了会议。</p><p>过程控制系统的研究是与我国国民经济发展密切相关的重要课题，其相关控制理论的发展一直是国内外研究的热点。然而，目前传统整数阶过程控制系统的研究受限于模型精确度不足和鲁棒性提升困难等问题而停滞不前。由于微分、积分阶次参数的加入，分数阶过程控制方法具有更多的参数调节自由度，这就扩展了控制问题研究的广度，使得控制系统有机会在模型描述精确度、稳定性、鲁棒性和动态特性等多方面得到提升，改善传统过程控制中的难点问题。在报告中，刘禄老师主要集中于介绍分数阶过程控制方法及在海洋工程领域的潜在应用方向等。</p><p style=\"text-align:center\"><img class=\"img_vsb_content\" src=\"http://hanghai.nwpu.edu.cn/__local/2/9E/03/DCD7CB99A54D3E6B754598BCE97_382DCA95_E9EB6.png\" width=\"552\" height=\"433\"/></p><p>随后，张卓老师就当今控制领域的热点问题——多智能体系统协同控制问题进行了专题讲解。他将介绍其在该领域中开展的一些研究，主要内容包括：针对线性多智能体系统降阶问题，提出改进的线性矩阵不等式高效降阶方法；针对多智能体系统中存在的时滞问题，研究非一致时滞约束下的协同控制方法；针对模糊理论在多智能体系统中的应用问题，提出基于T-S模糊理论的多智能体系统协同控制方法；针对非线性多智能体系统滑模控制问题，提出一种能够有效抑制抖振的模糊滑模控制方法。</p><p style=\"text-align:center\"><img class=\"img_vsb_content\" src=\"http://hanghai.nwpu.edu.cn/__local/8/89/80/FE532562D8E24C929B172E99EED_97561D30_E09AB.png\" width=\"553\" height=\"415\"/></p><p>报告结束后，在座的师生们围绕报告中的热点问题积极发言、踊跃提问，两位主讲老师结合自己多年的研究经验，从科学研究和实际应用角度做出了详细的解释。最后，在座的老师们分别两位主讲老师的报告进行了点评，并就青年教师的自身成长、职业规划等问题提出了自己的见解和意见。青年教师纷纷表示，资深教师面对面的指导不仅开拓了自己的研究思维、增长了交叉学科的知识，而同学科青年教师之间的交流与沟通则可以促进学科交叉与融合，为后续的科学研究提供新的方法与思路。</p><p><strong>报告人简介：</strong></p><p>刘禄，西北工业大学航海学院助理教授。2012年6月、2017年7月分别于东北大学获自动化专业学士、模式识别与智能系统专业博士学位。2015年1月至2017年1月于美国加州大学默塞德分校机械工程系进行联合培养，并同时担任美国硅谷地区顶级半导体产业供应商Lam Research公司控制工程顾问。主要研究方向包括：分数阶控制系统分析与设计，过程控制系统研究，无人系统控制等。目前，以第一作者或通讯作者发表或被接收SCI检索期刊论文10篇，EI检索期刊和高水平会议论文5篇。</p><p class=\"vsbcontent_end\">张卓，2017年7月份于哈尔滨工业大学取得工学博士学位，9月入职航海学院自动控制系，担任助理教授。近年来一直从事多智能体系统协同控制、水下航行器及地面机器人编队控制、模糊控制、滑模变结构控制、鲁棒自适应控制等方面的研究。在相关领域高水平会议和期刊上发表学术论文十余篇，包括IEEE Transactions on Fuzzy Systems、IEEE Transactions on Cybernetics、IEEE Transactions on Control of Network Systems、IEEE Transactions on Aerospace and Electronic Systems等。同时担任IEEE Transactions on Cybernetics、IEEE Transactions on Industrial Electronics、Automatica等国际期刊的审稿人。</p><p><br/></p>','2018-09-13 08:00:00','1','2018-09-13 11:32:33','1','2018-09-13 11:32:33',NULL,'V1.0.1','V1.0.1','10.216.70.159','10.0.115.66','1','0',0,'124','1'),('1fdaf5e4debc49a0af8ba518ced5ef6a','合作交流文章2','6e38ad754af54845948e1f25d873f20c',NULL,'',NULL,'<p>合作交流文章2</p>','2018-09-25 15:03:06','1','2018-09-25 15:00:00',NULL,'2018-09-25 15:00:00',NULL,'V1.0.1',NULL,'10.0.115.66',NULL,'1','0',0,'','1'),('257bcc41278a4eb796b21eba1af6599e','招生简章3','745981edf2e744a082ed27b4c640483a',NULL,'',NULL,'<p>招生简章3</p>','2018-09-25 08:00:00','1','2018-09-25 15:04:45',NULL,'2018-09-25 15:04:45',NULL,'V1.0.1',NULL,'10.0.115.66',NULL,'1','0',0,'','1'),('26b9a47be43d4aa5b4b82f464a106cd6','123','71c2a4664e544100a10a25567bc3c5b7',NULL,'fffb1a1f6e084bca8af4637783eb5b40',123,'在很长一段时期里，我都是早早就躺下了。有时候，蜡烛才灭，我的眼皮儿随即合上，都来不及咕哝一句：‘我要睡着了。’半小时之后，我才想到应该睡觉；这一想，我反倒清醒过来。我打算把自以为还捏在手里的书放好，吹灭灯火。睡着的那会儿，我一直在思考刚才读的那本书，只是思路','2018-09-13 08:00:00','1','2018-09-13 11:12:10',NULL,'2018-09-13 11:12:10',NULL,'V1.0.1',NULL,'10.216.70.159',NULL,'0','0',0,'123','1'),('323a11622e1e4ff3802c7c8c582417d3','合作交流文章5','6e38ad754af54845948e1f25d873f20c',NULL,'',NULL,'<p>合作交流文章5</p>','2018-09-25 15:03:08','1','2018-09-25 15:00:27',NULL,'2018-09-25 15:00:27',NULL,'V1.0.1',NULL,'10.0.115.66',NULL,'1','0',0,'','1'),('3ddf8b9ad1164bdebd945978ada46483','123','71c2a4664e544100a10a25567bc3c5b7',NULL,'2572984e35404904b79d519b4371d5cf',123,'在很长一段时期里，我都是早早就躺下了。有时候，蜡烛才灭，我的眼皮儿随即合上，都来不及咕哝一句：‘我要睡着了。’半小时之后，我才想到应该睡觉；这一想，我反倒清醒过来。我打算把自以为还捏在手里的书放好，吹灭灯火。睡着的那会儿，我一直在思考刚才读的那本书，只是思路','2018-09-13 08:00:00','1','2018-09-13 11:10:12',NULL,'2018-09-13 11:10:12',NULL,'V1.0.1',NULL,'10.216.70.159',NULL,'0','0',0,'123','1'),('4195435aa94745c89ccb2efea05ef054','新加坡A*STAR材料研究与工程研究所首席科学家YAO Kui教授学术报告通知','06bcb807af8b4b409b4b3d0f8aaeaf32',NULL,'0cf0c928d07c4da49dc4a8f285ac2ca5',1,'<table width=\"100%\"><tbody><tr class=\"firstRow\"><td><br/></td></tr><tr><td><p style=\"margin: 1em 0px;text-align: left;line-height: 150%\"><span style=\"color: rgb(0, 0, 0);font-family: times new roman;font-size: 16px\"><img id=\"325ErkJg\" src=\"http://hanghai.nwpu.edu.cn/__local/F/28/AC/794BE938841FD7B349333A96560_A519BA84_A6FC.png\" width=\"87\" height=\"122\"/><strong><span style=\"color: rgb(0, 0, 0);font-family: times new roman;font-size: 16px;font-weight: bold\">报 </span></strong><strong><span style=\"color: rgb(0, 0, 0);font-family: times new roman;font-size: 16px;font-weight: bold\">告 </span></strong><strong><span style=\"color: rgb(0, 0, 0);font-family: times new roman;font-size: 16px;font-weight: bold\">人</span></strong><span style=\"color: rgb(0, 0, 0);font-family: times new roman;font-size: 16px\"><strong><span style=\"color: rgb(0, 0, 0);font-family: times new roman;font-weight: bold\">：</span></strong><span style=\"color: rgb(0, 0, 0);font-family: times new roman;font-weight: normal\">YAO Kui&nbsp; <span style=\"color: rgb(0, 0, 0);font-family: times new roman\">教授</span></span></span></span></p><p style=\"margin: 1em 0px;text-align: left;line-height: 150%\"><span style=\"font-family: times new roman;font-size: 16px\"><strong><span style=\";font-family: 宋体;font-size: 16px;font-weight: bold\">报</span></strong><strong><span style=\";font-family: 宋体;font-size: 16px;font-weight: bold\">告</span></strong><strong><span style=\";font-family: 宋体;font-size: 16px;font-weight: bold\">题</span></strong><strong><span style=\";font-family: 宋体;font-size: 16px;font-weight: bold\">目：</span></strong><span style=\";font-family: &#39;Times New Roman&#39;;font-size: 16px;font-weight: normal\">Piezo-smart materials, acoustic sensors and transducers</span></span></p><p style=\"margin: 1em 0px;text-align: left;line-height: 150%\"><span style=\"font-family: times new roman;font-size: 16px\"><strong><span style=\";font-family: 宋体;font-size: 16px;font-weight: bold\">报告人简介：</span></strong><span style=\";font-family: 宋体;font-size: 16px;font-weight: normal\">YAO Kui received his bachelor degree in electronics engineering from Xi<span style=\"font-family: 宋体;font-size: 16px\">’</span><span style=\"font-family: Times New Roman;font-size: 16px\">an Jiaotong University, master degree in&nbsp;&nbsp;&nbsp;&nbsp;&nbsp;&nbsp;&nbsp;&nbsp;&nbsp;&nbsp; <span style=\";font-family: times new roman;font-size: 16px;font-weight: normal\"><span style=\";font-family: Times New Roman;font-size: 16px;font-weight: normal\">technical physics from Xidian University, and Ph.D in electronic materials and devices from Xi</span><span style=\";font-family: 宋体;font-size: 16px;font-weight: normal\">’</span><span style=\";font-family: Times New Roman;font-size: 16px;font-weight: normal\">an Jiaotong University. Currently, he is a&nbsp;<span style=\";font-family: Times New Roman;font-size: 16px;font-weight: normal\">Principal&nbsp;&nbsp;&nbsp; <span style=\";font-family: times new roman;font-size: 16px;font-weight: normal\">Scientist and the Programme Manager for the material-critical Sensors and Transducers Programme at Institute of Materials Research and Engineering (IMRE), A*STAR (Agency for Science, Technology and Research), Singapore. He is also an Adjunct Professor in School of Material Science and&nbsp;&nbsp;&nbsp;&nbsp;&nbsp;&nbsp; Engineering (MSE), <span style=\";font-family: Times New Roman;font-size: 16px;font-weight: normal\">Nanyang Technical University (NTU). During <span style=\";font-family: Times New Roman;font-size: 16px;font-weight: normal\">1998 - 1999, he worked in Materials Research Laboratory (MRL), The Pennsylvania State University,&nbsp;&nbsp;&nbsp;&nbsp;&nbsp;&nbsp; USA. Previously, he was a postdoctoral fellow in Microelectronics Center, NTU, during 1995-1997. His research areas cover smart materials, particularly dielectric,&nbsp;&nbsp;&nbsp;&nbsp;&nbsp;&nbsp;&nbsp;&nbsp;&nbsp;&nbsp;&nbsp;&nbsp;&nbsp;&nbsp;&nbsp;&nbsp; piezoelectric and ferroic&nbsp;&nbsp;&nbsp;&nbsp; <span style=\";font-family: Times New Roman;font-size: 16px;font-weight: normal\">materials, and the sensors and transducers enabled with these materials, including their applications for <span style=\";font-family: times new roman;font-size: 16px;font-weight: normal\">structural and condition monitoring, energy harvesting and storage, ultrasonic and photo-acoustic non-destructive testing and diagnosis, noise and vibration mitigation.</span></span></span></span></span></span></span></span></span></span></span></p><p style=\"margin: 1em 0px;text-align: justify;line-height: 150%;-ms-text-justify: inter-ideograph\"><span style=\"font-family: times new roman;font-size: 16px\"><strong><span style=\";font-family: 宋体;font-size: 16px;font-weight: bold\">报告内容简介：</span></strong><span style=\"font-family: &#39;Times New Roman&#39;;font-size: 16px;font-weight: normal\">The stimulus-response behaviors based on electrical polarization in materials are valuable for realizing multiple signal and energy conversion functions&nbsp;&nbsp; &nbsp;<span style=\"font-family: times new roman;font-size: 16px;font-weight: normal\">including effective electromechanical transductions. In the Sensors &amp; Transducers Programme at IMRE, the polarization-crucial sensing and energy transduction <span style=\"font-family: times new roman;font-size: 16px;font-weight: normal\">mechanisms are explored for advancing sensor and transducer devices and technologies. In my talk, several examples in the designs of piezo-smart materials and&nbsp; <span style=\"font-family: times new roman;font-size: 16px;font-weight: normal\">demonstration of acoustic sensors and transducers with unique feature and/or superior performance properties will be presented, particularly including 1-D piezoelectric <span style=\"font-family: times new roman;font-size: 16px;font-weight: normal\">nanostructures, acoustic piezo&nbsp;&nbsp;&nbsp; -foams, large area piezoelectric transparent speakers, wireless/batteryless piezoelectric acceleration sensors, direct-write ultrasonic <span style=\"font-family: times new roman;font-size: 16px;font-weight: normal\">transducers, and high frequency ultrasonic&nbsp;&nbsp; transducers. These innovations in piezo-smart materials, acoustic sensors and transducers enabled with the polarization-crucial <span style=\"font-family: times new roman;font-size: 16px;font-weight: normal\">energy conversion mechanisms have provided&nbsp;&nbsp; promising technical solution as demanded in many of the currently fast growing applications, including structural and condition monitoring, noise mitigation, health care, and&nbsp; intelligent manufacturing. </span></span></span></span></span></span></span></span></p><p style=\"margin: 1em 0px 0;text-align: justify;line-height: 150%;-ms-text-justify: inter-ideograph\"><strong><span style=\"line-height: 150%;font-family: 宋体;font-size: 16px;font-weight: normal\">邀请人：</span></strong><span style=\"line-height: 150%;font-family: 宋体;font-size: 16px;font-weight: normal\">陈克安 &nbsp;教授</span></p><p style=\"margin: 1em 0px 0;text-align: justify;line-height: 150%;-ms-text-justify: inter-ideograph\"><span style=\"line-height: 150%;font-family: times new roman;font-size: 16px;font-weight: normal\"><span style=\"line-height: 150%;font-family: 宋体;font-size: 16px;font-weight: normal\">报告时间：</span>2018<span style=\"line-height: 150%;font-family: 宋体;font-size: 16px;font-weight: normal\">年</span><span style=\"line-height: 150%;font-family: Times New Roman;font-size: 16px;font-weight: normal\">6</span><span style=\"line-height: 150%;font-family: 宋体;font-size: 16px;font-weight: normal\">月</span><span style=\"line-height: 150%;font-family: Times New Roman;font-size: 16px;font-weight: normal\">21</span><span style=\"line-height: 150%;font-family: 宋体;font-size: 16px;font-weight: normal\">日</span><span style=\"line-height: 150%;font-family: Times New Roman;font-size: 16px;font-weight: normal\">9:30-12:00</span></span></p><p style=\"margin: 1em 0px 0;text-align: justify;line-height: 150%;-ms-text-justify: inter-ideograph\"><span style=\"line-height: 150%;font-family: times new roman;font-size: 16px;font-weight: normal\"><span style=\"line-height: 150%;font-family: 宋体;font-size: 16px;font-weight: normal\">报告地点：航海学院</span>505<span style=\"line-height: 150%;font-family: 宋体;font-size: 16px;font-weight: normal\">会议室</span></span></p></td></tr></tbody></table><p><br/></p>','2018-09-13 08:00:00','1','2018-09-13 11:42:11','1','2018-09-13 11:42:11',NULL,'V1.0.1','V1.0.1','10.216.70.159','10.0.115.66','1','0',0,'1','1'),('4496cfbe4306416fa45c6b49d24d1657','德国波恩大学教授Armin Cremers、董天石博士访问航海学院 ','87ad7806570346b58f1405557f7248ee',NULL,'b0c512bc08da45ceb31d4d951dc57d02',324,'<p class=\"vsbcontent_start\">8月5日上午9:00，应校长助理杨益新邀请，德国波恩大学教授ArminCremers及波恩－亚琛国际计算中心研究员董天石博士做客航海学院，在学院204会议室作了专题为“无人车的历史和展望”、“AnAssertionFrameworkforMobileRoboticProgrammingwithSpatialReasoning”的学术报告。</p><p style=\"text-align:center\"><img class=\"img_vsb_content\" src=\"http://hanghai.nwpu.edu.cn/__local/B/1C/27/2B2F8BD435E31300894E6B5BA36_33724059_9D41F.png\" width=\"463\" height=\"347\"/></p><p>报告会上，Cremers教授首先回顾了无人车的发展历史，分析了无人车技术的现状。他简要介绍了人类视觉处理的两种模式Grouping和Saliency，并且结合自己的科研工作，分享了自己的研究目标即基于这两种视觉处理模式而发展的无人车。</p><p style=\"text-align:center\"><img class=\"img_vsb_content\" src=\"http://hanghai.nwpu.edu.cn/__local/F/16/E8/BADCC9B12407E4F256BB6A121C2_AE0CCE8D_9D41F.png\" width=\"463\" height=\"347\"/></p><p>董天石博士指出经典的霍尔逻辑在空间知识领域欠缺表现力，而这种表现力是机器人与物理环境交互作用的关键。基于自己的研究，董博士致力于在霍尔逻辑的断言框架中融合空间推理能力，从而使得移动机器人项目的规格及呈现效果更加自然和直观。</p><p style=\"text-align:center\"><img class=\"img_vsb_content\" src=\"http://hanghai.nwpu.edu.cn/__local/3/61/C5/71056B943687162B485A97A4582_4F796BE0_A071B.png\" width=\"467\" height=\"351\"/></p><p>在场的同学结合自己的学习工作积极发问，Cremers教授和董博士十分赞赏同学们的创新和思辨能力，并针对大家的问题一一解答。</p><p>会议最后杨益新助理进行了总结发言，对同学们的学习热情表示肯定，并且对Cremers教授和董博士的此次来访表示感谢，报告会在一片掌声中圆满结束。</p><p>报告人简介：</p><p>ArminCremers教授系德国波恩大学教授，于卡尔斯鲁厄大学获取博士学位和讲师资格，曾任教于南加州大学及多特蒙德大学。自1990年起，出任波恩大学人工智能／机器人研究／智能视觉系统研究团队负责人。2002年创办波恩亚称国际计算中心，并于2014年荣誉退休。2004至2008年出任波恩大学数学和自然科学学院主任，2009至2014年间出任副校长。2016年，题为“TheInteractiveMuseumTour---GuideRobot”论文荣获AAAI年度经典论文奖。</p><p class=\"vsbcontent_end\">董天石博士系苏州太仓人，1993年就读南京大学计算机系，1997年进上海交通大学计算机系研究生院。2000年10月赴德国汉堡大学计算机系攻读博士学位,方向是空间认知(人工智能)。2003年12月指出现有区域空间逻辑的缺陷，提出统一的 区域空间逻辑，建立相应的“认知棱镜理论”(The Theory of Cognitive Prism)。2005年12月获德国理学博士学位。2008年成果发表于著名刊物《Journal of Philosophical Logical》。之后，被欧洲数学会邀请为Zentralblatt MATH的评委。2012年学术专著《Recognizing Variable Environment -- The Theory of Cognitive Prism》 由Springer出版。2010-2012参与DFG LogAnswer II项目;2014-2018与南京大学计 算机系的计算机软件新技术国家重点实验室合作，以海外独立科学家身份参与国家自然科学基金项目“自适应软件系统的无缝演化与环境感知技术研究”。2015-2017参加欧盟Horizon2020项目OpenBudgets.eu，主管数据挖掘和数据分析。现为波恩-亚琛国际计算中心研究员。</p><p><br/></p>','2018-09-13 08:00:00','1','2018-09-13 11:27:08','1','2018-09-13 11:27:08',NULL,'V1.0.1','V1.0.1','10.216.70.159','10.0.115.66','1','0',0,'234','1'),('49c6d7e2094d4301bbb593a965eca6e6','乔治梅森大学田智教授关于通信中的稀疏信号处理报告会','06bcb807af8b4b409b4b3d0f8aaeaf32',NULL,'0cf0c928d07c4da49dc4a8f285ac2ca5',1,NULL,'2018-09-13 08:00:00','1','2018-09-15 14:01:32','1','2018-09-15 14:01:32',NULL,'V1.0.1','V1.0.1','192.168.249.62','10.0.115.66','1','0',0,'1','1'),('4e184108f79b43f68ecdd6fed340c1cb','欧盟人脑计划副主席Alois Knoll教授学术报告会通知','06bcb807af8b4b409b4b3d0f8aaeaf32',NULL,'ef2c785ca22a4be5927343123c081346',24,'<p class=\"vsbcontent_start\" style=\"margin-top: 0px; margin-bottom: 0px; padding: 0px; -webkit-tap-highlight-color: rgba(0, 0, 0, 0); color: rgb(80, 80, 80); font-family: &quot;Helvetica Neue&quot;, Helvetica, &quot;PingFang SC&quot;, Tahoma, Arial, sans-serif; font-size: 14px; text-indent: 28px; white-space: normal;\">金秋九月，丹桂飘香，在第34个教师节来临之际，航海学院副院长陈克安、王惠刚，办公室主任李娜等一行代表学院走访、慰问了优秀教师代表，并通过他们向全院教职工致以节日的问候和祝福。 院领导去到教研室、实验室和办公室，分别看望慰问了王育才、钱志博、贺昱耀、李亚安、韩鹏、杨坤德、杜金香、李慧平、胡海豹、吴旭光等10位优秀的在职和退休教师代表，关切地询问了他们的工作和生活情况，对在职教师在教学科研一线辛勤耕耘奉献，退休教师发挥余热关心支持学校建设发展表示衷心的感谢。</p><p><br/></p>','2018-09-13 08:00:00','1','2018-09-13 11:36:14','1','2018-09-13 11:36:14',NULL,'V1.0.1','V1.0.1','10.216.70.159','10.0.115.66','1','0',0,'234','1'),('581a84ba17a048a5a02d0639673d8216','第十九期航海学院青年教师学科论坛通知 ','',NULL,NULL,NULL,NULL,'2018-09-18 08:00:00','1','2018-09-18 11:53:37',NULL,'2018-09-18 11:53:37',NULL,'V1.0.1',NULL,'10.0.115.66',NULL,'0','0',0,'1',NULL),('6214e641305b49f6b9fb6804521bddb3','航海学院召开暑期学习研讨暨新学期干部大会','4e04bedf842d40ddaba5794bb5985928',NULL,'1f1f2558fad341a4b8e586d997d6ecda',1,NULL,'2018-09-13 08:00:00','1','2018-09-15 14:00:42','1','2018-09-15 14:00:42',NULL,'V1.0.1','V1.0.1','192.168.249.62','10.0.115.66','1','0',0,'1','1'),('63b1eb61aac84987bc2b9deb54e89f13','组织机构','c5dc64a8a0e64b00944c10fde42858c2',NULL,'',NULL,'<p>组织机构&nbsp;</p>','2018-09-25 14:56:54','1','2018-09-25 14:56:51',NULL,'2018-09-25 14:56:51',NULL,'V1.0.1',NULL,'10.0.115.66',NULL,'1','0',0,'','1'),('67ca42b580fe4ea6b5d336bdb88437c1','工大学子在“第七届全国海洋航行器设计与制作大赛”中再创佳绩','',NULL,NULL,NULL,NULL,'2018-09-13 08:00:00','1','2018-09-19 11:12:21',NULL,'2018-09-19 11:12:21',NULL,'V1.0.1',NULL,'10.0.115.66',NULL,'0','0',0,'213',NULL),('6facba2ee833418e8ad7daa087b9ee22','航海学院认真传达学习暑期干部会议精神 ','4e04bedf842d40ddaba5794bb5985928',NULL,'3657223b63ce41f7856dfad3aa206682',1,NULL,'2018-09-13 08:00:00','1','2018-09-13 00:09:59','1','2018-09-13 00:09:59',NULL,'V1.0.1','V1.0.1','192.168.249.62','10.0.115.66','1','0',NULL,'1','1'),('72a09e2c18634a32a66c313c3079caca','学术委员会 ','9297519ebfc64429b5c2712aab189696',NULL,'',NULL,'<p>学术委员会</p>','2018-09-25 14:57:13','1','2018-09-25 14:57:10',NULL,'2018-09-25 14:57:10',NULL,'V1.0.1',NULL,'10.0.115.66',NULL,'1','0',0,'','1'),('7a4f08cb0b6e4116a62bdc51cf5305a4','东南大学崔铁军教授学术报告会','06bcb807af8b4b409b4b3d0f8aaeaf32',NULL,'0cf0c928d07c4da49dc4a8f285ac2ca5',0,NULL,'2018-09-13 08:00:00','1','2018-09-15 14:00:59','1','2018-09-15 14:00:59',NULL,'V1.0.1','V1.0.1','192.168.249.62','10.0.115.66','1','0',0,'航海学院','1'),('9cbe1e4652b64bac92d1b6486784afbe','海洋信息感知引智基地系列报告之Alois Knoll ','87ad7806570346b58f1405557f7248ee',NULL,'0cf0c928d07c4da49dc4a8f285ac2ca5',24,NULL,'2018-09-13 08:00:00','1','2018-09-13 11:33:28','1','2018-09-13 11:33:28',NULL,'V1.0.1','V1.0.1','10.216.70.159','10.0.115.66','1','0',0,'1241','1'),('9e4a9f61cd5e498a850a7019fb0c123c','美国明尼苏达大学Terrence William Simon教授','',NULL,NULL,NULL,NULL,'2018-09-13 08:00:00','1','2018-09-18 12:20:11',NULL,'2018-09-18 12:20:11',NULL,'V1.0.1',NULL,'10.0.115.66',NULL,'0','0',0,'124',NULL),('a01e8e0122ed4214bf8b54502c9dae02','111','4e04bedf842d40ddaba5794bb5985928',NULL,'b09ce54fa1104ecf839949e78300246b',1,NULL,NULL,'1','2018-09-19 10:30:33',NULL,'2018-09-19 10:30:33',NULL,'V1.0.1',NULL,'10.0.115.66',NULL,'0','0',0,'1',NULL),('a17d86db4448459eb1bfea8acebb5f21','工大学子在“第七届全国海洋航行器设计与制作大赛”中再创佳绩','4e04bedf842d40ddaba5794bb5985928',NULL,'ac42e3b1b7c748c89641ad0bc5388909',23,'<p style=\"text-align: center;\">&nbsp; &nbsp; &nbsp; &nbsp; &nbsp; &nbsp; &nbsp; &nbsp;<span style=\"font-size: 24px;\">航海学院开展教师节走访慰问活动</span></p><p class=\"vsbcontent_start\">&nbsp;&nbsp;&nbsp;&nbsp; 金秋九月，丹桂飘香，在第34个教师节来临之际，航海学院副院长陈克安、王惠刚，办公室主任李娜等一行代表学院走访、慰问了优秀教师代表，并通过他们向全院教职工致以节日的问候和祝福。</p><p>&nbsp;&nbsp;&nbsp;&nbsp; 院领导去到教研室、实验室和办公室，分别看望慰问了王育才、钱志博、贺昱耀、李亚安、韩鹏、杨坤德、杜金香、李慧平、胡海豹、吴旭光等10位优秀的在职和退休教师代表，关切地询问了他们的工作和生活情况，对在职教师在教学科研一线辛勤耕耘奉献，退休教师发挥余热关心支持学校建设发展表示衷心的感谢。</p><p style=\"text-align:center\"><img class=\"img_vsb_content\" src=\"http://hanghai.nwpu.edu.cn/__local/7/DD/9B/3301E07EAF049FB183B6340B339_3342F72B_C811E.png\" width=\"554\" height=\"369\"/></p><p class=\"vsbcontent_end\">&nbsp;&nbsp;&nbsp;&nbsp; 随后，学院组织了简短的座谈会，学院王英民书记，陈克安、王惠刚副院长，李娜主任及优秀教师代表参加了会议。会上，院领导代表学院向优秀老师们献上鲜花和慰问金，传递了学院对教育科研工作的高度重视和对广大教职工的热忱关怀。王书记表示学院不遗余力地支持广大教师在教学、科研等方面的工作，学校的办学条件、教职工生活保障条件也会越来越好，希望大家继续弘扬高尚师德，潜心立德树人，以更加饱满的热情、更加出色的业绩，推动学校事业不断开创新局面。教师代表们也表示，学院近年来发展迅速，成就振奋人心，将努力做好本职工作，创新争先，以实际行动为学院“双一流”建设做出新的贡献。</p><p style=\"text-align:center\"><img class=\"img_vsb_content\" src=\"http://hanghai.nwpu.edu.cn/__local/4/D5/09/5664647405E1EE5D7B2328B987E_8DBC7474_C811E.png\" width=\"554\" height=\"369\"/></p><p class=\"vsbcontent_img\"><br/></p>','2018-09-13 08:00:00','1','2018-09-13 11:11:38','1','2018-09-13 11:11:38',NULL,'V1.0.1','V1.0.1','10.216.70.159','10.0.115.66','1','0',0,'213','1'),('a2ded051a45747bebc40cd53ffe8f98d','航海学院成功举行第十八期青年教师学科论坛','87ad7806570346b58f1405557f7248ee',NULL,'5149cdf24e824de0a1183ed877028bd4',23,NULL,'2018-09-13 08:00:00','1','2018-09-13 11:26:36','1','2018-09-13 11:26:36',NULL,'V1.0.1','V1.0.1','10.216.70.159','10.0.115.66','1','0',0,'13','1'),('ab421158abca43b088fcef2d7f379796','我校成功举办军民融合水下无人装备高峰论坛暨兵器科学与技术学科高端论坛','4e04bedf842d40ddaba5794bb5985928',NULL,'ebf0e4e981ff472eba056f0ae8f83e40',23,NULL,'2018-09-27 08:00:00','1','2018-09-13 11:08:05','1','2018-09-13 11:08:05',NULL,'V1.0.1','V1.0.1','10.216.70.159','10.0.115.66','1','0',0,'23','1'),('abaa8f60285e4efbb3425f537651781d','test','5910e89a02a04df58dfc8d5306e8d63e',NULL,'a9a2718775fd4102871247f935993985',23,NULL,'2018-09-25 14:55:35','1','2018-09-16 13:07:06',NULL,'2018-09-16 13:07:06',NULL,'V1.0.1',NULL,'192.168.249.62',NULL,'1','0',0,'14','1'),('af35a679ede8437dbadf9b7b21a47b16','航海学院认真传达学习暑期干部会议精神','4e04bedf842d40ddaba5794bb5985928',NULL,'6de16dc7b2294c0180418cdcc1484f93',1,'<p>航海学院认真传达学习暑期干部会议精神</p>','2018-09-25 08:00:00','1','2018-09-18 12:15:10','1','2018-09-18 12:15:10',NULL,'V1.0.1','V1.0.1','10.0.115.66','10.0.115.66','1','0',0,'1','1'),('b0930f8031b74d58bedbba97475597d3','招生简章4','745981edf2e744a082ed27b4c640483a',NULL,'',NULL,'<p>招生简章3</p>','2018-09-25 08:00:00','1','2018-09-25 15:04:53',NULL,'2018-09-25 15:04:53',NULL,'V1.0.1',NULL,'10.0.115.66',NULL,'1','0',0,'','1'),('b75594f163d540d584cdbdf18074fd0d','123','5910e89a02a04df58dfc8d5306e8d63e',NULL,'7732a4f82c464e80b1a87547382982e2',123,'<p>121</p>','2018-09-25 14:55:33','1','2018-09-16 13:05:19','1','2018-09-16 13:05:19',NULL,'V1.0.1','V1.0.1','192.168.249.62','10.0.115.66','1','0',0,'123','1'),('c67a0e1b7e1440d99fa5b534ddf96717','西北工业大学赴上海、无锡、南京就业市场开拓与调研','4e04bedf842d40ddaba5794bb5985928',NULL,'11f9333e192048bdbbb94c328baca4d6',14,NULL,'2018-09-13 08:00:00','1','2018-09-13 00:13:17','1','2018-09-13 00:13:17',NULL,'V1.0.1','V1.0.1','192.168.249.62','10.0.115.66','1','0',0,'14','1'),('c683fe7c6b1943e683be80f28e262a50','首届航海学院暑期国际学堂圆满落幕','4e04bedf842d40ddaba5794bb5985928',NULL,'2db9758ff4bc4ed7937ca598f9b1bb58',1,'<p>首届航海学院暑期国际学堂圆满落幕</p>','2018-09-25 08:00:00','1','2018-09-18 12:15:46','1','2018-09-18 12:15:46',NULL,'V1.0.1','V1.0.1','10.0.115.66','10.0.115.66','1','0',0,'首届航海学院暑期国际学堂圆满落幕','1'),('c7dbb6f2da464ffaa780f1fefd7a41be','航海家文化｜与你相遇好幸运','4e04bedf842d40ddaba5794bb5985928',NULL,'0194ba5e820c4b058920a5d144438565',1,'<p>航海家文化｜与你相遇好幸运</p>','2018-09-25 08:00:00','1','2018-09-18 12:16:34','1','2018-09-18 12:16:34',NULL,'V1.0.1','V1.0.1','10.0.115.66','10.0.115.66','1','0',0,'1','1'),('c82497074867440bb88f601f27304f2f','abc','4e04bedf842d40ddaba5794bb5985928',NULL,'50d50fdc32a441d09e3b9a648169c93e',1,NULL,NULL,'1','2018-09-19 10:29:57',NULL,'2018-09-19 10:29:57',NULL,'V1.0.1',NULL,'10.0.115.66',NULL,'0','0',0,'1',NULL),('dc1c4d5b3e954d35977d50ec565de537','合作交流文章4','6e38ad754af54845948e1f25d873f20c',NULL,'',NULL,'<p>合作交流文章4</p>','2018-09-25 15:03:09','1','2018-09-25 15:00:19',NULL,'2018-09-25 15:00:19',NULL,'V1.0.1',NULL,'10.0.115.66',NULL,'1','0',0,'','1'),('dd6ed47cdf404a2d94826019ee4c0137','招生简章2','745981edf2e744a082ed27b4c640483a',NULL,'',NULL,'<p>招生简章2</p>','2018-09-25 15:04:35','1','2018-09-25 15:04:31',NULL,'2018-09-25 15:04:31',NULL,'V1.0.1',NULL,'10.0.115.66',NULL,'1','0',0,'','1'),('eadf626715c34218840a98439855d14a','海洋信息感知引智基地系列报告之Yap Pew-Thian ','87ad7806570346b58f1405557f7248ee',NULL,'31e7f5b2194248f3b8fa5a101f366f12',124,'<p class=\"vsbcontent_start\">7月19日上午10:00，海洋信息感知引智基地特邀专家、美国北卡罗莱纳大学Yap Pew-Thian副教授做客西北工业大学航海学院。Yap教授应系电子与通信系副研究员杨占龙邀请，在航海学院204会议室开展题为 “<strong>Advanced Processing Pipeline for the Baby Connectome Project (BCP)</strong>”的学术报告。</p><p style=\"text-align:center\"><img class=\"img_vsb_content\" src=\"http://hanghai.nwpu.edu.cn/__local/4/76/21/6E84A3A04940C80A3CC03964750_BE5A9F1A_1394DD.png\" width=\"693\" height=\"462\"/></p><p>Yap教授首先对核磁共振及核磁共振成像的基本原理做了详细说明，细致探讨了核磁共振图像成像技术在医学方面的运用。紧接着，Yap教授详细介绍了北卡罗莱纳大学在医学影像方面的硬件设备，研究团队以及所取得的研发最新成果。最后，Yap教授重点探讨了核磁共振成像技术在婴儿脑图谱发展中起到的作用以及对脑疾病诊断的重要价值。</p><p style=\"text-align:center\"><img class=\"img_vsb_content\" src=\"http://hanghai.nwpu.edu.cn/__local/C/72/59/A137F6D98B812B7A9BEC8CCD9AA_389BABC8_1394DD.png\" width=\"693\" height=\"462\"/></p><p>报告人简介：</p><p class=\"vsbcontent_end\">Yap Pew-Thian，美国北卡罗来纳大学教堂山分校副教授，医学图像中心成员、博士生导师。获得马来西亚马来亚大学电气工程专业工学学士、工学硕士、工学博士等学位。IEEE (国际电子电气工程师协会)，IEEE信号处理协会，ISMRM（国际磁共振医学学会），MICCAI（医学图像计算与计算机辅助干预学会）高级资深会员。目前担任《 IEEE Transactions on Pattern Analysis and Machine Intelligence (TPAMI)》、《 IEEE Transactions on Medical Imaging (TMI)》、《 IEEE Transactions on Image Processing (TIP)》、《 IEEE Transactions on Signal Processing (TSP)》、《 PLOS ONE》等多个期刊的审稿专家、学术编辑。其主要研究方向包括了核磁共振图像处理技术，数字图像分析，大脑白质纤维跟踪与重构技术等等，在相关领域已发表高水平学术论文170多篇，论文应用率超过4000多次，H因子30多。</p><p><br/></p>','2018-09-13 08:00:00','1','2018-09-13 11:27:53','1','2018-09-13 11:27:53',NULL,'V1.0.1','V1.0.1','10.216.70.159','10.0.115.66','1','0',0,'wr','1'),('eb03c9bec06e4fcfaad3ab6939b7d480','招生简章1','745981edf2e744a082ed27b4c640483a',NULL,'',NULL,'<p>招生简章1</p>','2018-09-25 08:00:00','1','2018-09-25 15:04:21',NULL,'2018-09-25 15:04:21',NULL,'V1.0.1',NULL,'10.0.115.66',NULL,'1','0',0,'','1'),('ebd31e3ba6ce49dfa9a2183328f0e557','美国明尼苏达大学Terrence William Simon教授','87ad7806570346b58f1405557f7248ee',NULL,'154f30cda0f6459980d03c602216b59f',1412,'<p class=\"vsbcontent_start\">应航海学院谢公南教授邀请，明尼苏达大学机械工程系资深教授Terrence William Simon于2018年8月15日对西北工业大学航海学院进行学术访问。Terrence William Simon教授是传热领域顶级期刊ASME Journal ofHeat Transfer主编，国际传热传质中心委员，曾担任主席。主要从事稳态/非稳态过渡流和湍流的传递、对流换热和流体力学等方面的研究工作，并应用于电子冷却、燃气轮机、斯特林机、能用储存、等离子切割和太阳能处理等领域。期间共发表期刊论文69篇，特邀论文14篇，32篇综述论文、168篇会议论文及36篇技术报告。</p><p>下午3时许，Simon教授在航海学院会议室为我校师生举行了一场题为“Turbine endwall cooling as affected by endwall contouring and leakage and cooling flows”的学术讲座。谢公南教授主持，Simon教授首先介绍了目前涡轮端壁冷却的最新研究进展，探讨了目前学术界在其研究中的热点问题以及存在的争议问题，并针对涡轮端壁冷却实验设计、传热特性以及与数值模拟存在的区别等进行了详细的讲述。整场报告内容充实，Simon教授的生动讲述引起了在场听众极大的兴趣，纷纷向教授请教关于涡轮端壁冷却的相关疑惑。</p><p class=\"vsbcontent_end\">之后Simon教授参加了谢公南教授课题组的学术交流会。课题组中的2名成员分别向Simon教授就自己的研究方向做了学术报告，Simon教授针对每位成员的报告进行了详细的点评，并且提出了十分有价值的建议。会后，谢公南教授与Simon教授讨论了进一步开展学术交流合作、研究生联合培养、科研合作等事宜，达成了初步的意向计划。</p><p><br/></p>','2018-09-13 08:00:00','1','2018-09-13 11:28:12','1','2018-09-13 11:28:12',NULL,'V1.0.1','V1.0.1','10.216.70.159','10.0.115.66','1','0',0,'124','1'),('eeb2350c62c343f6b29ed35db204c117','121','46b1a8048cd4425488fd76b749ec50dc',NULL,'',NULL,'<p>12<br/></p>','2018-09-25 08:00:00','1','2018-09-25 14:56:20',NULL,'2018-09-25 14:56:20',NULL,'V1.0.1',NULL,'10.0.115.66',NULL,'1','0',0,'12','1'),('f1790265855941e9862e24ad4a7d5187','实验室简介','138c6ab118c7467e8e592d273dffed2a',NULL,'',NULL,'<p style=\";line-height: 20px;text-indent: 32px;-ms-layout-grid-mode: char\"><span style=\"\"><span style=\"font-family: 宋体;font-size: 16px\">西北工业大学航海学院主要从事水中兵器、水下航行器、海洋工程等领域的科学研究和人才培养。其前身是1956年5月始建于西北工学院的第三机械系，1989年4月成立航海工程学院，2003年7月更名为航海学院。 </span> </span></p><p style=\";line-height: 20px;text-indent: 39px;-ms-layout-grid-mode: char\"><span style=\"\"><strong><span style=\"font-family: 宋体;font-weight: bold\">师资力量：</span></strong><span style=\"font-family: 宋体;font-size: 16px\">拥有教职工150余人，其中院士4人，国家教学名师1人，全国优秀教师1人，长江学者1人，千人计划3人，陕西省教学名师2人，国务院学科评议组成员2人，国家级专家5人次，享受国务院政府特殊津贴6人，新世纪百千万人才工程国家级人选2人，国防科工委511（学术技术带头人）3人，新世纪优秀人才计划9人。拥有长江学者创新团队1个、国防科技创新团队2个、国家级教学团队1个、陕西省教学团队3个。先后有40余人次荣获全国优秀教师、全国师德先进个人、中国青年科技奖、中国青年女科学家等国家级、省部级荣誉。</span><strong><span style=\"font-family: 宋体;font-weight: bold\">&nbsp;</span></strong> </span></p><p style=\";line-height: 20px;text-indent: 32px;-ms-layout-grid-mode: char\"><span style=\"\"><strong><span style=\"font-family: 宋体;font-weight: bold\">学科专业：</span></strong><span style=\"font-family: 宋体;font-size: 16px\">现设机械与动力工程、电子与通信工程、声学与信息工程、环境工程和自动控制等5个系，拥有水下信息与控制国家级重点实验室、海洋声学信息感知工业和信息化部重点实验室、声学工程与检测技术国家专业实验室、陕西省和工业和信息化部同时授牌的实验教学示范中心以及智能声学及临境语音通讯技术研究中心（人才特区），拥有能源与动力工程、机械设计制造及其自动化、探测制导与控制技术、自动化、电子信息工程、信息工程、水声工程、环境工程等本科专业（2016年调整为船舶与海洋工程、探测制导与控制技术、信息工程、水声工程等4个本科专业），设有兵器科学与技术、船舶与海洋工程、信息与通信工程等3个一级学科博士学位授权点和声学二级学科博士学位授权点，其中武器系统与运用工程和水声工程等2个二级学科是国家重点学科，设有兵器科学与技术、船舶与海洋工程、信息与通信工程等3个博士后流动站。</span> </span></p><p style=\";line-height: 20px;text-indent: 32px;-ms-layout-grid-mode: char\"><span style=\"\"><strong><span style=\"font-family: 宋体;font-weight: bold\">平台条件：</span></strong><span style=\"font-family: 宋体;font-size: 16px\">建有“水下信息与控制”国家级重点实验室和“声学工程与检测技术”国家专业实验室，以及高速水洞、大型消声水池、水下物理场仿真、水下动力推进、声与振动控制、导航与控制仿真中心等多个大型实验室。 </span> </span></p><p style=\"margin: 4px auto 0;line-height: 20px;text-indent: 32px;-ms-layout-grid-mode: char\"><span style=\"\"><strong><span style=\"font-family: 宋体;font-weight: bold\">教学成果：</span></strong><span style=\"font-family: 宋体;font-size: 16px\">获国家优秀教学成果一等奖1项；拥有全国示范性全日制专业学位研究生联合培养实践基地1个、工信部实验教学示范中心1个、陕西省“水中兵器人才模式培养示范区”1个、国家精品课程3门、陕西省精品课程5门；出版专著和教材48部，其中10余部获国家及部级优秀教材奖。 </span> </span></p><p style=\";line-height: 20px;text-indent: 32px;-ms-layout-grid-mode: char\"><span style=\"\"><strong><span style=\"font-family: 宋体;font-weight: bold\">人才培养：</span></strong><span style=\"font-family: 宋体;font-size: 16px\">获“全国优秀博士学位论文”6篇、“全国先进班集体标兵” 2个、“全国先进班集体”1个；毕业生中，有的成长为中国工程院院士、国家教学名师、长江学者、千人计划人才，有的荣获“全国十大杰出青年”、“全国劳动模范”等荣誉称号。 </span> </span></p><p style=\";line-height: 20px;text-indent: 32px;-ms-layout-grid-mode: char\"><span style=\"\"><strong><span style=\"font-family: 宋体;font-weight: bold\">科研获奖：</span></strong><span style=\"font-family: 宋体;font-size: 16px\">获国家科技进步一等奖1项、二等奖5项、三等奖2项，国家发明三等奖2项，省部级科技进步奖120多项。 </span> </span></p><p style=\";line-height: 20px;text-indent: 32px;-ms-layout-grid-mode: char\"><span style=\"\"><strong><span style=\"font-family: 宋体;font-weight: bold\">集体荣誉：</span></strong><span style=\"font-family: 宋体;font-size: 16px\">获“全国教育系统先进集体”、“陕西省最佳单位”、“全省教育系统精神文明建设最佳单位”、“ 陕西省师德建设先进集体”、“陕西省高等学校先进基层分党委”等多个荣誉称号。 </span> </span></p><p style=\";line-height: 20px;text-indent: 32px;-ms-layout-grid-mode: char\"><span style=\"\"><strong><span style=\"font-family: 宋体;font-weight: bold\">对外合作：</span></strong><span style=\"font-family: 宋体;font-size: 16px\">与美国、英国、法国、澳大利亚、俄罗斯等国家的著名大学、研究院所建立了科技合作和人才联合培养关系，与俄罗斯国立海洋技术大学联合成立了“海洋科学与信息技术研究所”。 </span> </span></p><p style=\"margin: auto auto 13px;line-height: 20px;text-indent: 32px;-ms-layout-grid-mode: char\"><span style=\"\"><span style=\"font-family: 宋体;font-size: 16px\">学院</span><span style=\"font-family: 宋体;font-size: 16px\">本着创新求强、争创一流的精神，</span><span style=\"font-family: 宋体;font-size: 16px\">励精图治、奋发进取，进一步深化教育教学改革，力争到</span><span style=\"font-family: &#39;Times New Roman&#39;;font-size: 16px\">2020</span><span style=\"font-family: 宋体;font-size: 16px\">年，全面建成</span><span style=\"font-family: &#39;Times New Roman&#39;;font-size: 16px\">“</span><span style=\"font-family: 宋体;font-size: 16px\">国际知名</span><span style=\"font-family: &#39;Times New Roman&#39;;font-size: 16px\">”</span><span style=\"font-family: 宋体;font-size: 16px\">的高水平研究型学院。</span></span></p><p><br/></p>','2018-09-25 14:53:58','1','2018-09-19 10:36:54',NULL,'2018-09-19 10:36:54',NULL,'V1.0.1',NULL,'10.0.115.66',NULL,'1','0',0,'','1'),('f529a87563f44420acf7a8b93f874a9d','附件 下载','46b1a8048cd4425488fd76b749ec50dc',NULL,'',NULL,'<p>发</p>','2018-09-25 08:00:00','1','2018-09-25 14:56:36',NULL,'2018-09-25 14:56:36',NULL,'V1.0.1',NULL,'10.0.115.66',NULL,'1','0',0,'','1'),('f54b2a6a78ba438d8a9acffdcc525793','航海学院暑期开展家庭经济困难学生家访','4e04bedf842d40ddaba5794bb5985928',NULL,'6016801019ed45ba91e994ea5ddf54aa',1,'<p>航海学院暑期开展家庭经济困难学生家访</p>','2018-09-25 08:00:00','1','2018-09-18 12:16:14','1','2018-09-18 12:16:14',NULL,'V1.0.1','V1.0.1','10.0.115.66','10.0.115.66','1','0',0,'1','1'),('fd569ee36bea4f379731b56e0894d956','航海学院开展教师节走访慰问活动 ','4e04bedf842d40ddaba5794bb5985928',NULL,'0d48051954a141c5a6c285e9f803a078',1,'<p>航海学院开展教师节走访慰问活动&nbsp;</p>','2018-09-25 08:00:00','1','2018-09-18 12:17:04','1','2018-09-18 12:17:04',NULL,'V1.0.1','V1.0.1','10.0.115.66','10.0.115.66','1','0',0,'航海学院开展教师节走访慰问活动 ','1');
/*!40000 ALTER TABLE `t_cms_article` ENABLE KEYS */;
UNLOCK TABLES;

--
-- Table structure for table `t_cms_columns`
--

DROP TABLE IF EXISTS `t_cms_columns`;
/*!40101 SET @saved_cs_client     = @@character_set_client */;
/*!40101 SET character_set_client = utf8 */;
CREATE TABLE `t_cms_columns` (
  `id` varchar(32) NOT NULL COMMENT '主键',
  `type` varchar(32) DEFAULT NULL COMMENT '类型',
  `code` varchar(50) DEFAULT NULL COMMENT '编码',
  `name` varchar(50) DEFAULT NULL COMMENT '名称',
  `parentId` varchar(32) DEFAULT NULL COMMENT '父ID',
  `parentIds` varchar(3300) DEFAULT NULL COMMENT '所有父级编号',
  `depth` decimal(10,0) DEFAULT NULL COMMENT '深度',
  `longName` varchar(500) NOT NULL COMMENT '全名称',
  `longCode` varchar(500) NOT NULL COMMENT '全编码',
  `sort` decimal(10,0) DEFAULT NULL COMMENT '排序号',
  `sys_data` char(1) DEFAULT '0' COMMENT '系统初始化数据：1、是；0、否',
  `createUser` varchar(64) DEFAULT NULL COMMENT '创建者',
  `createDate` datetime DEFAULT CURRENT_TIMESTAMP COMMENT '创建时间',
  `lastUpdateUser` varchar(64) DEFAULT NULL COMMENT '更新者',
  `lastUpdateDate` datetime DEFAULT CURRENT_TIMESTAMP COMMENT '更新时间',
  `remarks` varchar(255) DEFAULT NULL COMMENT '备注信息',
  `version` varchar(20) DEFAULT NULL COMMENT '版本号',
  `lastUpdateVersion` varchar(20) DEFAULT NULL COMMENT '最后更新版本号',
  `ip` varchar(20) DEFAULT NULL COMMENT 'IP',
  `lastUpdateIp` varchar(20) DEFAULT NULL COMMENT '最后更新IP',
  `status` char(2) DEFAULT '0' COMMENT '状态',
  `image` varchar(255) DEFAULT NULL,
  `firstnav` varchar(5) DEFAULT 'off',
  `target` varchar(45) DEFAULT NULL,
  `linkAddress` varchar(300) DEFAULT NULL,
  PRIMARY KEY (`id`)
) ENGINE=InnoDB DEFAULT CHARSET=utf8 COMMENT='栏目表';
/*!40101 SET character_set_client = @saved_cs_client */;

--
-- Dumping data for table `t_cms_columns`
--

LOCK TABLES `t_cms_columns` WRITE;
/*!40000 ALTER TABLE `t_cms_columns` DISABLE KEYS */;
INSERT INTO `t_cms_columns` VALUES ('06bcb807af8b4b409b4b3d0f8aaeaf32','0e0acb903a374b7e94aff42917a475af','0004','通知公告','1','0,1,0004',2,'根目录,通知公告','0001,null',40,'0','1','2018-09-15 23:26:57','1','2018-10-17 09:35:01',NULL,'V1.0.1','V1.0.1','192.168.249.62','10.216.70.159','0','bdd1d1603d3f46b9b033311312bfa0d9','on','_self',''),('1','1','0001','根目录','0','0,1',1,'根目录','0001',10,'1','1','2018-09-12 20:14:48','','2018-09-12 20:14:48',NULL,'1',NULL,'127.0.0.1',NULL,'0',NULL,'',NULL,NULL),('138c6ab118c7467e8e592d273dffed2a','389e1a7f28ef4500bb68d9dba14207d4','0012','实验室简介','70eafa82a3cb4e46a9240da2a9bcf8de',NULL,3,'根目录,实验室概况,实验室简介','0001,null,0012',120,'0','1','2018-09-16 01:00:29',NULL,'2018-09-16 01:00:29',NULL,'V1.0.1',NULL,'192.168.249.62',NULL,'0','0851869af35a4802ab8a3311df250a8a','','',NULL),('46b1a8048cd4425488fd76b749ec50dc','0e0acb903a374b7e94aff42917a475af','0010','文件下载','1',NULL,2,'根目录,文件下载','0001,null',50,'0','1','2018-09-16 00:59:23','1','2018-10-17 09:35:24',NULL,'V1.0.1','V1.0.1','192.168.249.62','10.216.70.159','0','95ed2cd4209c4f19bc316097bfb18b6f','on','_self',''),('4e04bedf842d40ddaba5794bb5985928','0e0acb903a374b7e94aff42917a475af','0003','新闻动态','1','0,1,0003',2,'根目录,新闻动态','0001,null',30,'0','1','2018-09-12 21:44:11','1','2018-10-17 09:34:52',NULL,'V1.0.1','V1.0.1','192.168.249.62','10.216.70.159','0','1cda38cc532e48bfb8978e947193c13e',NULL,'_self',''),('57697b152cef4b72a2553346501a5dce','1b3e4bf736244a4086abd218e2a9c957','0000','网站首页','1',NULL,2,'根目录,网站首页','0001,null',5,'0','1','2018-09-16 01:06:42','1','2018-09-26 16:15:05',NULL,'V1.0.1','V1.0.1','192.168.249.62','10.0.115.66','0','622885d921d34f61b5dd21734d364888','on','_self','/cms/front/first/'),('5910e89a02a04df58dfc8d5306e8d63e','0e0acb903a374b7e94aff42917a475af','0007','产品中心','1',NULL,2,'根目录,产品中心','0001,null',20,'0','1','2018-09-16 00:57:15','1','2018-10-17 09:35:12',NULL,'V1.0.1','V1.0.1','192.168.249.62','10.216.70.159','0','3cd3aa0a7e5d473cb2d13ff985529c8a','on','_self',''),('6e38ad754af54845948e1f25d873f20c','0e0acb903a374b7e94aff42917a475af','008','合作伙伴','1',NULL,2,'根目录,合作伙伴','0001,null',15,'0','1','2018-09-16 00:58:28','1','2018-10-17 09:35:16',NULL,'V1.0.1','V1.0.1','192.168.249.62','10.216.70.159','0','cdec1cd77c9d4509a1c64732e75893f3','on','_self',''),('70eafa82a3cb4e46a9240da2a9bcf8de','0e0acb903a374b7e94aff42917a475af','0011','实验室概况','1',NULL,2,'根目录,实验室概况','0001,null',10,'0','1','2018-09-16 00:59:54','1','2018-10-17 09:35:27',NULL,'V1.0.1','V1.0.1','192.168.249.62','10.216.70.159','0','0c10e47a6d0d4b0e825f45c0633041ac','on','_self',''),('745981edf2e744a082ed27b4c640483a','0e0acb903a374b7e94aff42917a475af','0009','人才招聘','1',NULL,2,'根目录,人才招聘','0001,null',40,'0','1','2018-09-16 00:58:52','1','2018-10-17 09:35:20',NULL,'V1.0.1','V1.0.1','192.168.249.62','10.216.70.159','0','c2ee2e3feadc4a858d7df7f1fdac9748','on','_self',''),('87ad7806570346b58f1405557f7248ee','0e0acb903a374b7e94aff42917a475af','0005','学术研究','1','0,1,0005',2,'根目录,学术研究','0001,null',50,'0','1','2018-09-15 23:27:59','1','2018-10-17 09:35:05',NULL,'V1.0.1','V1.0.1','192.168.249.62','10.216.70.159','0','3352f22d219344428fc7b0f22e91e23f','on','_self',''),('9297519ebfc64429b5c2712aab189696','0e0acb903a374b7e94aff42917a475af','14','学术委员会','70eafa82a3cb4e46a9240da2a9bcf8de',NULL,3,'根目录,实验室概况,学术委员会','0001,null,14',140,'0','1','2018-09-16 01:01:18',NULL,'2018-09-16 01:01:18',NULL,'V1.0.1',NULL,'192.168.249.62',NULL,'0','f81cfd3835664b7a90bdf55305bc41d8','','',NULL),('c5dc64a8a0e64b00944c10fde42858c2','0e0acb903a374b7e94aff42917a475af','0013','组织结构','70eafa82a3cb4e46a9240da2a9bcf8de',NULL,3,'根目录,实验室概况,组织结构','0001,null,0013',130,'0','1','2018-09-16 01:00:59',NULL,'2018-09-16 01:00:58',NULL,'V1.0.1',NULL,'192.168.249.62',NULL,'0','b01cb73f74bc4c5dbdb09ec8d5619be2','','',NULL),('f7b3dc3ab4e94274b8053d95da0aaf95','389e1a7f28ef4500bb68d9dba14207d4','0006','LOGO动态图','1','0,1,0006',2,'根目录,LOGO动态图','0001,0006',60,'0','1','2018-09-16 00:48:01',NULL,'2018-09-16 00:48:00',NULL,'V1.0.1',NULL,'192.168.249.62',NULL,'0','553ccc2ab2594adeae939bae2b146c18','','',NULL);
/*!40000 ALTER TABLE `t_cms_columns` ENABLE KEYS */;
UNLOCK TABLES;

--
-- Table structure for table `t_cms_guestbook`
--

DROP TABLE IF EXISTS `t_cms_guestbook`;
/*!40101 SET @saved_cs_client     = @@character_set_client */;
/*!40101 SET character_set_client = utf8 */;
CREATE TABLE `t_cms_guestbook` (
  `id` varchar(32) NOT NULL COMMENT '主键',
  `keyword` varchar(64) DEFAULT NULL COMMENT '标题',
  `kevalue` text COMMENT '内容',
  `createUser` varchar(32) DEFAULT NULL COMMENT '创建者',
  `createDate` datetime DEFAULT CURRENT_TIMESTAMP COMMENT '创建时间',
  `lastUpdateUser` varchar(32) DEFAULT NULL COMMENT '更新者',
  `lastUpdateDate` datetime DEFAULT CURRENT_TIMESTAMP COMMENT '更新时间',
  `remarks` varchar(255) DEFAULT NULL COMMENT '备注信息',
  `version` varchar(20) DEFAULT NULL,
  `lastUpdateVersion` varchar(20) DEFAULT NULL,
  `ip` varchar(20) DEFAULT NULL,
  `lastUpdateIp` varchar(20) DEFAULT NULL,
  `status` varchar(32) DEFAULT '0' COMMENT '状态',
  `sysdata` varchar(32) DEFAULT '0',
  PRIMARY KEY (`id`)
) ENGINE=InnoDB DEFAULT CHARSET=utf8 COMMENT='留言表';
/*!40101 SET character_set_client = @saved_cs_client */;

--
-- Dumping data for table `t_cms_guestbook`
--

LOCK TABLES `t_cms_guestbook` WRITE;
/*!40000 ALTER TABLE `t_cms_guestbook` DISABLE KEYS */;
/*!40000 ALTER TABLE `t_cms_guestbook` ENABLE KEYS */;
UNLOCK TABLES;

--
-- Table structure for table `t_cms_keyvalue`
--

DROP TABLE IF EXISTS `t_cms_keyvalue`;
/*!40101 SET @saved_cs_client     = @@character_set_client */;
/*!40101 SET character_set_client = utf8 */;
CREATE TABLE `t_cms_keyvalue` (
  `id` varchar(32) NOT NULL COMMENT '主键',
  `keyword` varchar(64) DEFAULT NULL COMMENT '键',
  `kevalue` varchar(200) DEFAULT NULL COMMENT '值',
  `createUser` varchar(32) DEFAULT NULL COMMENT '创建者',
  `createDate` datetime DEFAULT CURRENT_TIMESTAMP COMMENT '创建时间',
  `lastUpdateUser` varchar(32) DEFAULT NULL COMMENT '更新者',
  `lastUpdateDate` datetime DEFAULT CURRENT_TIMESTAMP COMMENT '更新时间',
  `remarks` varchar(255) DEFAULT NULL COMMENT '备注信息',
  `version` varchar(20) DEFAULT NULL,
  `lastUpdateVersion` varchar(20) DEFAULT NULL,
  `ip` varchar(20) DEFAULT NULL,
  `lastUpdateIp` varchar(20) DEFAULT NULL,
  `status` varchar(32) DEFAULT '0' COMMENT '状态',
  `sysdata` varchar(32) DEFAULT '0',
  PRIMARY KEY (`id`)
) ENGINE=InnoDB DEFAULT CHARSET=utf8 COMMENT='键值表';
/*!40101 SET character_set_client = @saved_cs_client */;

--
-- Dumping data for table `t_cms_keyvalue`
--

LOCK TABLES `t_cms_keyvalue` WRITE;
/*!40000 ALTER TABLE `t_cms_keyvalue` DISABLE KEYS */;
/*!40000 ALTER TABLE `t_cms_keyvalue` ENABLE KEYS */;
UNLOCK TABLES;

--
-- Table structure for table `t_wxl_billrule`
--

DROP TABLE IF EXISTS `t_wxl_billrule`;
/*!40101 SET @saved_cs_client     = @@character_set_client */;
/*!40101 SET character_set_client = utf8 */;
CREATE TABLE `t_wxl_billrule` (
  `ID` varchar(64) NOT NULL COMMENT '主键',
  `CLASSNAME` varchar(200) DEFAULT NULL COMMENT '类名',
  `MAX_VALUE` decimal(10,0) DEFAULT '0' COMMENT '最大值',
  `PREFIX` varchar(15) DEFAULT '' COMMENT '前缀',
  `YEARMONTH` varchar(15) DEFAULT '' COMMENT '年月',
  `ALLFORMATE` varchar(64) DEFAULT '' COMMENT '格式',
  PRIMARY KEY (`ID`)
) ENGINE=InnoDB DEFAULT CHARSET=utf8 COMMENT='单据规则';
/*!40101 SET character_set_client = @saved_cs_client */;

--
-- Dumping data for table `t_wxl_billrule`
--

LOCK TABLES `t_wxl_billrule` WRITE;
/*!40000 ALTER TABLE `t_wxl_billrule` DISABLE KEYS */;
/*!40000 ALTER TABLE `t_wxl_billrule` ENABLE KEYS */;
UNLOCK TABLES;

--
-- Table structure for table `t_wxl_sign`
--

DROP TABLE IF EXISTS `t_wxl_sign`;
/*!40101 SET @saved_cs_client     = @@character_set_client */;
/*!40101 SET character_set_client = utf8 */;
CREATE TABLE `t_wxl_sign` (
  `ID` varchar(45) NOT NULL,
  `PHRASE` varchar(500) DEFAULT NULL,
  `PRIORITY` varchar(45) DEFAULT NULL,
  `PERSONID` varchar(45) DEFAULT NULL,
  PRIMARY KEY (`ID`)
) ENGINE=InnoDB DEFAULT CHARSET=utf8;
/*!40101 SET character_set_client = @saved_cs_client */;

--
-- Dumping data for table `t_wxl_sign`
--

LOCK TABLES `t_wxl_sign` WRITE;
/*!40000 ALTER TABLE `t_wxl_sign` DISABLE KEYS */;
INSERT INTO `t_wxl_sign` VALUES ('03375c020b4a4eb094e5df641509f523','审批通过','1','1'),('2089f7e2112441ec971241a02e0c45ee','以后格式写正确在进行提交','2','1'),('568e8ca07464455e96d6f77ec7a514c6','金额不鞥超过1000','3','6'),('6648fb3031b8464897e2d9150bdd1fba','审批通过','1','6'),('a4ac89446d144515b23d59cc18bca459','天数错误','2','6');
/*!40000 ALTER TABLE `t_wxl_sign` ENABLE KEYS */;
UNLOCK TABLES;

--
-- Table structure for table `t_wxl_signphoto`
--

DROP TABLE IF EXISTS `t_wxl_signphoto`;
/*!40101 SET @saved_cs_client     = @@character_set_client */;
/*!40101 SET character_set_client = utf8 */;
CREATE TABLE `t_wxl_signphoto` (
  `ID` varchar(45) NOT NULL,
  `photo` longblob,
  `PERSONID` varchar(45) DEFAULT NULL,
  PRIMARY KEY (`ID`)
) ENGINE=InnoDB DEFAULT CHARSET=utf8;
/*!40101 SET character_set_client = @saved_cs_client */;

--
-- Dumping data for table `t_wxl_signphoto`
--

LOCK TABLES `t_wxl_signphoto` WRITE;
/*!40000 ALTER TABLE `t_wxl_signphoto` DISABLE KEYS */;
/*!40000 ALTER TABLE `t_wxl_signphoto` ENABLE KEYS */;
UNLOCK TABLES;

--
-- Table structure for table `t_wxl_storge`
--

DROP TABLE IF EXISTS `t_wxl_storge`;
/*!40101 SET @saved_cs_client     = @@character_set_client */;
/*!40101 SET character_set_client = utf8 */;
CREATE TABLE `t_wxl_storge` (
  `ID` varchar(60) NOT NULL,
  `logicalName` varchar(100) DEFAULT NULL,
  `physicalName` varchar(100) DEFAULT NULL,
  `fileSize` decimal(10,0) DEFAULT NULL,
  `fileType` varchar(45) DEFAULT NULL,
  `filePhysicalPath` varchar(300) DEFAULT NULL,
  `logicalModule` varchar(100) DEFAULT NULL,
  `delFlag` char(1) DEFAULT '0',
  `entityId` varchar(60) DEFAULT NULL,
  `sys` varchar(45) DEFAULT NULL COMMENT '系统',
  `type` varchar(45) DEFAULT NULL COMMENT '类别（模块）',
  PRIMARY KEY (`ID`)
) ENGINE=InnoDB DEFAULT CHARSET=utf8 COMMENT='文件存储';
/*!40101 SET character_set_client = @saved_cs_client */;

--
-- Dumping data for table `t_wxl_storge`
--

LOCK TABLES `t_wxl_storge` WRITE;
/*!40000 ALTER TABLE `t_wxl_storge` DISABLE KEYS */;
INSERT INTO `t_wxl_storge` VALUES ('012415bd665e41278fe5f5c57fce5d9d','ykvPfkNC6zwYFAIi8PHt5HXDsHAXqpjAyg6K3bGKNashdXi1Y575KrI7QqbU6aUI','19.jpg',43422,'jpg','\\cms\\columns\\2018\\9\\16\\ykvPfkNC6zwYFAIi8PHt5HXDsHAXqpjAyg6K3bGKNashdXi1Y575KrI7QqbU6aUI.jpg',NULL,'0',NULL,'cms','columns'),('0194ba5e820c4b058920a5d144438565','tVeM8Jk4wHLFLnruv9Z9Wu8pyI0jSDRyRDnH7oXV4vnfKjIlqJwaKA1L9b9H4C5i','3新西兰代表团考察陕西计算机资格考试.jpg',34389,'jpg','\\cms\\article\\2018\\9\\18\\tVeM8Jk4wHLFLnruv9Z9Wu8pyI0jSDRyRDnH7oXV4vnfKjIlqJwaKA1L9b9H4C5i.jpg',NULL,'0',NULL,'cms','article'),('0806a267e78b40f1ba0385715b6d7a59','0H1ci4bh4dOysQpTK7zaFc67FtvppXKwK76eiG17TZ2NnbA4jpWbvut2JBcoziCr','19.jpg',43422,'jpg','\\cms\\article\\2018\\9\\13\\0H1ci4bh4dOysQpTK7zaFc67FtvppXKwK76eiG17TZ2NnbA4jpWbvut2JBcoziCr.jpg',NULL,'0',NULL,'cms','article'),('0851869af35a4802ab8a3311df250a8a','IDU0EaCFHKIHOnkww2rS1pW80BptW6pEDsv6H3Hc9F2M5tfme5Y5udZyugZ15CzV','19.jpg',43422,'jpg','\\cms\\columns\\2018\\9\\16\\IDU0EaCFHKIHOnkww2rS1pW80BptW6pEDsv6H3Hc9F2M5tfme5Y5udZyugZ15CzV.jpg',NULL,'0',NULL,'cms','columns'),('0ac6db557c9c42a7b3ec69f05f739fac','ddl1AjYZrB0NKEj804mOZ7HVwEoZzkXpu1xQ71nZXvzjltshofzXRRDYFsmXJ6PA','19.jpg',43422,'jpg','\\cms\\columns\\2018\\9\\12\\ddl1AjYZrB0NKEj804mOZ7HVwEoZzkXpu1xQ71nZXvzjltshofzXRRDYFsmXJ6PA.jpg',NULL,'0',NULL,'cms','columns'),('0c10e47a6d0d4b0e825f45c0633041ac','CAu8ce81pvbC1FpNhXStcwzmnmqAqv9g4sK1UPQCsJezWF33GYQVh1BVvmDOY00y','19.jpg',43422,'jpg','\\cms\\columns\\2018\\9\\16\\CAu8ce81pvbC1FpNhXStcwzmnmqAqv9g4sK1UPQCsJezWF33GYQVh1BVvmDOY00y.jpg',NULL,'0',NULL,'cms','columns'),('0cf0c928d07c4da49dc4a8f285ac2ca5','sF8pe7i5TWYRjZqIXtzmoRiYgnoSgH1hQzkKIKSVqEW1E0MyAFJwzpS2bL4R1UYW','19.jpg',43422,'jpg','\\cms\\article\\2018\\9\\13\\sF8pe7i5TWYRjZqIXtzmoRiYgnoSgH1hQzkKIKSVqEW1E0MyAFJwzpS2bL4R1UYW.jpg',NULL,'0',NULL,'cms','article'),('0d48051954a141c5a6c285e9f803a078','HX6663yOTcAVuraX3oaJ9Cm58Ix8K6TSRWzWaYL8HppaNIpp3AXjsqcxBgCVSXEM','1国人部发[2003]39号文件.jpg',34627,'jpg','\\cms\\article\\2018\\9\\18\\HX6663yOTcAVuraX3oaJ9Cm58Ix8K6TSRWzWaYL8HppaNIpp3AXjsqcxBgCVSXEM.jpg',NULL,'0',NULL,'cms','article'),('11f9333e192048bdbbb94c328baca4d6','VEeet4jXjsZ3GfZu1Qq3d0sJFlCzKV0mnwSK5t5TGVRg9yommzcsSlNFwSY3wDiZ','timg2.jpg',20259,'jpg','\\cms\\article\\2018\\9\\19\\VEeet4jXjsZ3GfZu1Qq3d0sJFlCzKV0mnwSK5t5TGVRg9yommzcsSlNFwSY3wDiZ.jpg',NULL,'0',NULL,'cms','article'),('154f30cda0f6459980d03c602216b59f','aCXp5aP1SOmMlU6mFe5ijG3KQA5AZXiDjnH2pvP2NccCl327q4qc2jnVbIydZP3j','a.jpg',9901,'jpg','\\cms\\article\\2018\\9\\19\\aCXp5aP1SOmMlU6mFe5ijG3KQA5AZXiDjnH2pvP2NccCl327q4qc2jnVbIydZP3j.jpg',NULL,'0',NULL,'cms','article'),('15da5f34af6049ad800b8f11b83c3551','o0bCvjhUkSEyzZb7UMCvLM5G34A7jZTujH53nM7PPmB8SbRzOnFxo4adXJpl0WkQ','19.jpg',43422,'jpg','\\cms\\article\\2018\\9\\13\\o0bCvjhUkSEyzZb7UMCvLM5G34A7jZTujH53nM7PPmB8SbRzOnFxo4adXJpl0WkQ.jpg',NULL,'0',NULL,'cms','article'),('172c70c089524e1f96b6954c6bc72f56','Mf6D4KKFA0C4yk3WviOfpQjYHTc58jnSBKCpt1son5WsnajlpU2u4mMLB47G6N8g','19.jpg',43422,'jpg','\\cms\\article\\2018\\9\\13\\Mf6D4KKFA0C4yk3WviOfpQjYHTc58jnSBKCpt1son5WsnajlpU2u4mMLB47G6N8g.jpg',NULL,'0',NULL,'cms','article'),('19efe11c9ed649d68e9114933790c500','vJ6Z6DNel8mEgIyiXcX8lY6vq4yeUyYV6UuJ5PyXkVVZ9l3BsQyFxuUnqZRGP6ZH','a9.jpg',15909,'jpg','\\admin\\user\\2018\\4\\25\\vJ6Z6DNel8mEgIyiXcX8lY6vq4yeUyYV6UuJ5PyXkVVZ9l3BsQyFxuUnqZRGP6ZH.jpg',NULL,'0',NULL,'admin','user'),('1cda38cc532e48bfb8978e947193c13e','JhMk9DpSk0gzoDgARKyDQk09T1JaOgfov5TMUCeAK5ORjKtqrMkDBF1K9AsqMhM9','19.jpg',43422,'jpg','\\cms\\columns\\2018\\9\\12\\JhMk9DpSk0gzoDgARKyDQk09T1JaOgfov5TMUCeAK5ORjKtqrMkDBF1K9AsqMhM9.jpg',NULL,'0',NULL,'cms','columns'),('1d12d7fa9c8045ca8b4eb7b50a1478b9','937aWEBU4XoxrRyIO5aCJi8DNEbcySMsxm2DyYVgDC2i5YYMB0R1Ge5tuBkQB2xz','17.jpg',60714,'jpg','\\admin\\user\\2018\\4\\24\\937aWEBU4XoxrRyIO5aCJi8DNEbcySMsxm2DyYVgDC2i5YYMB0R1Ge5tuBkQB2xz.jpg',NULL,'0',NULL,'admin','user'),('1f05eca611ab441384455eec07db64f7','4zLeuHNQ1ne4JTx75nKcsHYCHrJK0NBv44327D8HwjYwsfgP80WuF6tw7Q0GCvta','19.jpg',43422,'jpg','\\cms\\article\\2018\\9\\16\\4zLeuHNQ1ne4JTx75nKcsHYCHrJK0NBv44327D8HwjYwsfgP80WuF6tw7Q0GCvta.jpg',NULL,'0',NULL,'cms','article'),('1f1f2558fad341a4b8e586d997d6ecda','dUdw6ho5w2nh1kWp4MV13BU5R0qpfoBk42Gqlrwwr8nscw0tuWZlTSNqXFSsOuXF','timg3.jpg',23882,'jpg','\\cms\\article\\2018\\9\\19\\dUdw6ho5w2nh1kWp4MV13BU5R0qpfoBk42Gqlrwwr8nscw0tuWZlTSNqXFSsOuXF.jpg',NULL,'0',NULL,'cms','article'),('250ff69bcbd54186b78e85c68e7db8dd','TlYxYqr6ciD1tewZa2rks28isiaxFz1hHdFjFd5WfOKD5vpqRW6ZdrBhR6LBu8DZ','19.jpg',43422,'jpg','\\cms\\article\\2018\\9\\16\\TlYxYqr6ciD1tewZa2rks28isiaxFz1hHdFjFd5WfOKD5vpqRW6ZdrBhR6LBu8DZ.jpg',NULL,'0',NULL,'cms','article'),('2572984e35404904b79d519b4371d5cf','KnplmV22jETj46DSWeKElFSyLvwEMYh1dVzD6JOcxojnpmeDfCzjgxk5h4KOM0Fk','19.jpg',43422,'jpg','\\cms\\article\\2018\\9\\13\\KnplmV22jETj46DSWeKElFSyLvwEMYh1dVzD6JOcxojnpmeDfCzjgxk5h4KOM0Fk.jpg',NULL,'0',NULL,'cms','article'),('261cd99049dd4d15aba0f6faa0496e0b','0lyE1WAKWOX7eurZgMmSws9iANvw1ZEx9mLnFGao4k8N4Mm6KtU00UGUvRsyBDUn','19.jpg',43422,'jpg','\\cms\\columns\\2018\\9\\16\\0lyE1WAKWOX7eurZgMmSws9iANvw1ZEx9mLnFGao4k8N4Mm6KtU00UGUvRsyBDUn.jpg',NULL,'0',NULL,'cms','columns'),('2a6a1b3995a942af80741eb99169a369','m6U68jyUkZ7YfFhn3QNwUScZc5zmI4AiZ37QC12VJRWaHCtVZUqg581234NaThY2','19.jpg',43422,'jpg','\\cms\\article\\2018\\9\\13\\m6U68jyUkZ7YfFhn3QNwUScZc5zmI4AiZ37QC12VJRWaHCtVZUqg581234NaThY2.jpg',NULL,'0',NULL,'cms','article'),('2db9758ff4bc4ed7937ca598f9b1bb58','U3XvZ4ukPrPG77x97p3ObLcNhlEPIEoMCPxB5XtLdom5XfJmj6OZ5rOG3u1W60dx','3新西兰代表团考察陕西计算机资格考试.jpg',34389,'jpg','\\cms\\article\\2018\\9\\18\\U3XvZ4ukPrPG77x97p3ObLcNhlEPIEoMCPxB5XtLdom5XfJmj6OZ5rOG3u1W60dx.jpg',NULL,'0',NULL,'cms','article'),('31e7f5b2194248f3b8fa5a101f366f12','H2FVIptHA9YWyzVeEM4xAwsFF9PrJ9Qvd3ovHedcVtOvJEvfCqQOuv2tBVXV6cVq','c.jpg',48297,'jpg','\\cms\\article\\2018\\9\\19\\H2FVIptHA9YWyzVeEM4xAwsFF9PrJ9Qvd3ovHedcVtOvJEvfCqQOuv2tBVXV6cVq.jpg',NULL,'0',NULL,'cms','article'),('33228b450a834a9295d8fcfd2a8dabae','7ItLyKN2Ikz6Osy3TVj5VCvjdaE6QZnWuR8zCCM0sJr6M1IjL1rm0EaAJv7SfcqQ','19.jpg',43422,'jpg','\\cms\\article\\2018\\9\\16\\7ItLyKN2Ikz6Osy3TVj5VCvjdaE6QZnWuR8zCCM0sJr6M1IjL1rm0EaAJv7SfcqQ.jpg',NULL,'0',NULL,'cms','article'),('3352f22d219344428fc7b0f22e91e23f','hJ3QhCtxcGqMVkb77ilUNCNmSbsPMIZbqkhIese1iFl0kKk9aA65KfpNce3bzkz8','19.jpg',43422,'jpg','\\cms\\columns\\2018\\9\\15\\hJ3QhCtxcGqMVkb77ilUNCNmSbsPMIZbqkhIese1iFl0kKk9aA65KfpNce3bzkz8.jpg',NULL,'0',NULL,'cms','columns'),('3431252cbf0a46818ec2e0363862811a','sB239KC1jnQpnqgI7xziWHhb4nbZwV36gmJjCuqfBSUX4yTH6YF8rATF2tm4o79G','19.jpg',43422,'jpg','\\cms\\article\\2018\\9\\16\\sB239KC1jnQpnqgI7xziWHhb4nbZwV36gmJjCuqfBSUX4yTH6YF8rATF2tm4o79G.jpg',NULL,'0',NULL,'cms','article'),('345be43671a243559c4eb4f358154280','hTvna8wMeKx5ws4j1JtuRru8HfVOcFdPhdW90wS187pup41MDpzdHwqKOKTkmrRJ','19.jpg',43422,'jpg','\\cms\\columns\\2018\\9\\12\\hTvna8wMeKx5ws4j1JtuRru8HfVOcFdPhdW90wS187pup41MDpzdHwqKOKTkmrRJ.jpg',NULL,'0',NULL,'cms','columns'),('3657223b63ce41f7856dfad3aa206682','XrYNPAuxg26Rsn1q0rQhKhTrmr4XZwO3NZV7zQ7GTgmua7ewKVbE4m3UnPwG6jMh','timg4.jpg',31766,'jpg','\\cms\\article\\2018\\9\\19\\XrYNPAuxg26Rsn1q0rQhKhTrmr4XZwO3NZV7zQ7GTgmua7ewKVbE4m3UnPwG6jMh.jpg',NULL,'0',NULL,'cms','article'),('38e4e03a971d418eb4289194534168d0','LJfAYz3EiybmstpXj83lWyUUkrRMTe0WjMT46FGSa64DgaCdwnHm55LdOgVAodkA','a9.jpg',15909,'jpg','\\admin\\user\\2018\\4\\25\\LJfAYz3EiybmstpXj83lWyUUkrRMTe0WjMT46FGSa64DgaCdwnHm55LdOgVAodkA.jpg',NULL,'0',NULL,'admin','user'),('3cd3aa0a7e5d473cb2d13ff985529c8a','xDrgkDEzhGZ5udgH2hi7EHAXEcRs94JKFCwGks2e0ek2TgLQ6vuf5wClO2Leykm4','19.jpg',43422,'jpg','\\cms\\columns\\2018\\9\\16\\xDrgkDEzhGZ5udgH2hi7EHAXEcRs94JKFCwGks2e0ek2TgLQ6vuf5wClO2Leykm4.jpg',NULL,'0',NULL,'cms','columns'),('42970eab8fce4bfab0d097e2d31fafd4','qJHDEZlbkL5U1rWUdjQ39HMWolUG0dDF2u8BxMpcgAylVqJFy0AYJKIIcwARq0S4','19.jpg',43422,'jpg','\\cms\\article\\2018\\9\\13\\qJHDEZlbkL5U1rWUdjQ39HMWolUG0dDF2u8BxMpcgAylVqJFy0AYJKIIcwARq0S4.jpg',NULL,'0',NULL,'cms','article'),('4a9bce0c945840d6bbdd40dfab3b1a89','vZ2wvjScLjom99seMrCgL4xkrKs9GeurXbxkP5RH2VpqB7FQYxyEKQH8qEmOrcjQ','19.jpg',43422,'jpg','\\cms\\article\\2018\\9\\16\\vZ2wvjScLjom99seMrCgL4xkrKs9GeurXbxkP5RH2VpqB7FQYxyEKQH8qEmOrcjQ.jpg',NULL,'0',NULL,'cms','article'),('4c7e5ff29ae74828bdf5cc532ef5fe08','QyVyYBdyQ4pn8uj60st8cM33UNO95sSQdS1kG5iVCLWqz6PvTUmmobk0kkp8AV4u','19.jpg',43422,'jpg','\\cms\\columns\\2018\\9\\16\\QyVyYBdyQ4pn8uj60st8cM33UNO95sSQdS1kG5iVCLWqz6PvTUmmobk0kkp8AV4u.jpg',NULL,'0',NULL,'cms','columns'),('50cb925ddf6840a9a025646c64209fd6','LDZteFTec0Ekbj1NPMA6sSucvMMdKb72cwNtiA1kHmrrN2z1ODJK2RKhJRv2OqXN','19.jpg',43422,'jpg','\\admin\\user\\2018\\4\\25\\LDZteFTec0Ekbj1NPMA6sSucvMMdKb72cwNtiA1kHmrrN2z1ODJK2RKhJRv2OqXN.jpg',NULL,'0',NULL,'admin','user'),('50d50fdc32a441d09e3b9a648169c93e','y3trHcvI2Ipg9rDMFKE3lFz1zTG78nJpzqvB2J3kFU2bHtTZK2X3Egbgilm0E2T1','3新西兰代表团考察陕西计算机资格考试.jpg',34389,'jpg','\\cms\\article\\2018\\9\\19\\y3trHcvI2Ipg9rDMFKE3lFz1zTG78nJpzqvB2J3kFU2bHtTZK2X3Egbgilm0E2T1.jpg',NULL,'0',NULL,'cms','article'),('512150b1c83c460e908987d8c9187d95','IkmRrmbGU6BK5U9h0DJjSlXQgiy4RxNVQwMLpKTxwDkPLlACSGk5SppLyxUPSmDg','ChMkJ1rLMseISCNrAARavE1XatUAAnh3AOXnMMABFrU160.jpg',285372,'jpg','\\admin\\user\\2018\\4\\24\\IkmRrmbGU6BK5U9h0DJjSlXQgiy4RxNVQwMLpKTxwDkPLlACSGk5SppLyxUPSmDg.jpg',NULL,'0',NULL,'admin','user'),('5149cdf24e824de0a1183ed877028bd4','iU9keduhQLfqrTChCefAa9daHwYoYLyMExzEcDrGSt8Ci8sSFA0qNdLSU9VHTw8Q','d.jpg',26385,'jpg','\\cms\\article\\2018\\9\\19\\iU9keduhQLfqrTChCefAa9daHwYoYLyMExzEcDrGSt8Ci8sSFA0qNdLSU9VHTw8Q.jpg',NULL,'0',NULL,'cms','article'),('553ccc2ab2594adeae939bae2b146c18','3iAPulLXjCuVS507eDpNE37i6K4ql5hWVkKMTEdxFFA81mzVAj6fkGhwcUjzu0MN','19.jpg',43422,'jpg','\\cms\\columns\\2018\\9\\16\\3iAPulLXjCuVS507eDpNE37i6K4ql5hWVkKMTEdxFFA81mzVAj6fkGhwcUjzu0MN.jpg',NULL,'0',NULL,'cms','columns'),('57042a55ff394ec7af727075012786f8','toM00jsW6mLhvsPrbvZYlur0tKRjIhuJlDKgBqXHxybl3SL3GoJMKRAtWHDSedKn','a9.jpg',15909,'jpg','\\admin\\user\\2018\\4\\25\\toM00jsW6mLhvsPrbvZYlur0tKRjIhuJlDKgBqXHxybl3SL3GoJMKRAtWHDSedKn.jpg',NULL,'0',NULL,'admin','user'),('5c4dcee411a845da8456e65d35100e0e','6zE5DD60CPATXfQC8Yp2pZpqcXat5bzMD4yE69Ti1Yz1NTwwi4uujqNqhe2q04m1','19.jpg',43422,'jpg','\\cms\\article\\2018\\9\\16\\6zE5DD60CPATXfQC8Yp2pZpqcXat5bzMD4yE69Ti1Yz1NTwwi4uujqNqhe2q04m1.jpg',NULL,'0',NULL,'cms','article'),('5e57e455cbf24d6aaf67cad77e5f552d','XPA4AZaVDXcTtx0rs6t5kgXy5bsJ3gWkAaimWq1Got1jQOZdUWPrglFrEueJhB2R','a9.jpg',15909,'jpg','\\admin\\user\\2018\\4\\25\\XPA4AZaVDXcTtx0rs6t5kgXy5bsJ3gWkAaimWq1Got1jQOZdUWPrglFrEueJhB2R.jpg',NULL,'0',NULL,'admin','user'),('5e5a505854744f6193210cb365ffaf9b','GYbgcb4CwUUIIwdJ4rIMM3eaGR67NLCbHA2a1SOlHvDfvGcR6PJYdIzhaScfBcc2','微信图片_20180510173427.jpg',48624,'jpg','\\cms\\article\\2018\\9\\13\\GYbgcb4CwUUIIwdJ4rIMM3eaGR67NLCbHA2a1SOlHvDfvGcR6PJYdIzhaScfBcc2.jpg',NULL,'0',NULL,'cms','article'),('6016801019ed45ba91e994ea5ddf54aa','6vN3JjBOwEWoM1NU2X4ACj8qx20K7WQfLkSwrnEC1xabnJ1zczQ0Y7Wt2SVwhKSU','1国人部发[2003]39号文件.jpg',34627,'jpg','\\cms\\article\\2018\\9\\18\\6vN3JjBOwEWoM1NU2X4ACj8qx20K7WQfLkSwrnEC1xabnJ1zczQ0Y7Wt2SVwhKSU.jpg',NULL,'0',NULL,'cms','article'),('622885d921d34f61b5dd21734d364888','oYzGapgyehwEm0N5lwtx2mwkQpFMXSFp9XCE4vaF4APMV3TyPQSTaKSlU4M4yDTh','19.jpg',43422,'jpg','\\cms\\columns\\2018\\9\\16\\oYzGapgyehwEm0N5lwtx2mwkQpFMXSFp9XCE4vaF4APMV3TyPQSTaKSlU4M4yDTh.jpg',NULL,'0',NULL,'cms','columns'),('64dca9355cd24bfe9ac84dd6fa44e5b5','9v13Id2lNoey734sfihFdmw5c2sh1WeO6QET8UpZQrIHsKH5lPMwShVb69Exf41t','19.jpg',43422,'jpg','\\cms\\article\\2018\\9\\13\\9v13Id2lNoey734sfihFdmw5c2sh1WeO6QET8UpZQrIHsKH5lPMwShVb69Exf41t.jpg',NULL,'0',NULL,'cms','article'),('694b1cc12b904d36bd46358161465bd8','MEHmBQnHW2v4xykZNnGoZ04GxAfG4Urxx2hTlRcJ8BbfbS37UPRBSakjUDObdCRs','19.jpg',43422,'jpg','\\cms\\article\\2018\\9\\13\\MEHmBQnHW2v4xykZNnGoZ04GxAfG4Urxx2hTlRcJ8BbfbS37UPRBSakjUDObdCRs.jpg',NULL,'0',NULL,'cms','article'),('6de16dc7b2294c0180418cdcc1484f93','EyXxtaoPKEFNrIw9SZLeF2dPSzDGGgeARHaWMXclOXo5FFIMsyVQEYfjyikTL6Hr','3新西兰代表团考察陕西计算机资格考试.jpg',34389,'jpg','\\cms\\article\\2018\\9\\18\\EyXxtaoPKEFNrIw9SZLeF2dPSzDGGgeARHaWMXclOXo5FFIMsyVQEYfjyikTL6Hr.jpg',NULL,'0',NULL,'cms','article'),('729a1185b01e4aeaae616c09e3b94842','NXyzNq2y5rKn1p9jNOVuLZOPl5eeJXwwEQbCeRosrqCIHYKIudnP6xjhfuXJcJil','19.jpg',43422,'jpg','\\cms\\article\\2018\\9\\13\\NXyzNq2y5rKn1p9jNOVuLZOPl5eeJXwwEQbCeRosrqCIHYKIudnP6xjhfuXJcJil.jpg',NULL,'0',NULL,'cms','article'),('75c1b263964a46fcb41df8a08cfb60e4','7wCEtRhHP6KtxHA94NJi3PrWXHYrsqmPAAkmS0k57Cx9yGU2aN6RO38NcNoEx1YY','19.jpg',43422,'jpg','\\cms\\columns\\2018\\9\\15\\7wCEtRhHP6KtxHA94NJi3PrWXHYrsqmPAAkmS0k57Cx9yGU2aN6RO38NcNoEx1YY.jpg',NULL,'0',NULL,'cms','columns'),('76294573f6694883ac6a04e40dcb90a3','6np0Je892zU28KGqzk0A5W1Gxq0rCtcOc0BFXGBTDLXDEAsssYhiMys16naN7Uha','19.jpg',43422,'jpg','\\admin\\user\\2018\\4\\24\\6np0Je892zU28KGqzk0A5W1Gxq0rCtcOc0BFXGBTDLXDEAsssYhiMys16naN7Uha.jpg',NULL,'0',NULL,'admin','user'),('7732a4f82c464e80b1a87547382982e2','LhzEZNVf1KtlJWvOxiE51MSqXI1W8ckhtlieKd2k6j2aOAmVf6Vfo0cwLRfqZKXa','19.jpg',43422,'jpg','\\cms\\article\\2018\\9\\16\\LhzEZNVf1KtlJWvOxiE51MSqXI1W8ckhtlieKd2k6j2aOAmVf6Vfo0cwLRfqZKXa.jpg',NULL,'0',NULL,'cms','article'),('8298c78996dd45b68a59a8c26a347098','BiFW2v83CxgbuodfjGr0aH0nY5zPE27qp0dGam70yV0ETLZPkwSgq6eIZJcKHFE2','favicon.png',3088,'png','\\admin\\user\\2018\\6\\28\\BiFW2v83CxgbuodfjGr0aH0nY5zPE27qp0dGam70yV0ETLZPkwSgq6eIZJcKHFE2.png',NULL,'0',NULL,'admin','user'),('84d38fcff1814de78337e01a2c1f50c9','Ntn42biwy6ENWv6g9lWOIUyHsLDN6yK6XMQRJpOJ8md13nu1A7XulFBjuQgaYCwU','19.jpg',43422,'jpg','\\cms\\columns\\2018\\9\\16\\Ntn42biwy6ENWv6g9lWOIUyHsLDN6yK6XMQRJpOJ8md13nu1A7XulFBjuQgaYCwU.jpg',NULL,'0',NULL,'cms','columns'),('874f3d7a4e8a43c28e63415aa2db7017','7I3lkbKz3EBRqZQizLilD2nVj8OrbwRbV26F3AAqnMm9R1CSwZUU9F4ef06FmHEm','19.jpg',43422,'jpg','\\cms\\article\\2018\\9\\13\\7I3lkbKz3EBRqZQizLilD2nVj8OrbwRbV26F3AAqnMm9R1CSwZUU9F4ef06FmHEm.jpg',NULL,'0',NULL,'cms','article'),('887dcc2820464afeb7b30f20c15643f8','l24pGQw6gOdqRlqL9hLa4Ap3TMdwQKtEDsPgd4Ls8cvJsoc3pqbr26wxrYBgoBUA','3新西兰代表团考察陕西计算机资格考试.jpg',34389,'jpg','\\cms\\article\\2018\\9\\18\\l24pGQw6gOdqRlqL9hLa4Ap3TMdwQKtEDsPgd4Ls8cvJsoc3pqbr26wxrYBgoBUA.jpg',NULL,'0',NULL,'cms','article'),('8bada9562e92411c840f9af648f20604','wF4OMI7cPuC53LiEEvJS2zGrtZxxQpQ7Mw7Jz5Pesf0w3nyitcr1TcKdhCxGa4Dw','19.jpg',43422,'jpg','\\cms\\columns\\2018\\9\\12\\wF4OMI7cPuC53LiEEvJS2zGrtZxxQpQ7Mw7Jz5Pesf0w3nyitcr1TcKdhCxGa4Dw.jpg',NULL,'0',NULL,'cms','columns'),('8dd744e4d2bd4c8eaed844cbe06bbf1a','mM68LY3V4BcEUKhIcHPxFzPkWYiqxe6T2KNUnIwgQCnlhhNdAU3SKhAtkGq3a60s','19.jpg',43422,'jpg','\\cms\\columns\\2018\\9\\16\\mM68LY3V4BcEUKhIcHPxFzPkWYiqxe6T2KNUnIwgQCnlhhNdAU3SKhAtkGq3a60s.jpg',NULL,'0',NULL,'cms','columns'),('8ee61fbe7e2449fd8a5cd7a792d380cd','VuQ8Gx1ecGdbD6N0BNcwhxcAPs1d7lMvYIr13BduDx0S0qhye1JTncTAj96kIGXt','19.jpg',43422,'jpg','\\cms\\columns\\2018\\9\\12\\VuQ8Gx1ecGdbD6N0BNcwhxcAPs1d7lMvYIr13BduDx0S0qhye1JTncTAj96kIGXt.jpg',NULL,'0',NULL,'cms','columns'),('8f37020dd8ca44e39cdca5418e725c65','DzepQGu754OhVWE7EczrpX3Hc6etZpdGg7W8Lvis8DiLfiwRMqgDYrqFgrRV3uww','19.jpg',43422,'jpg','\\cms\\article\\2018\\9\\13\\DzepQGu754OhVWE7EczrpX3Hc6etZpdGg7W8Lvis8DiLfiwRMqgDYrqFgrRV3uww.jpg',NULL,'0',NULL,'cms','article'),('9126dad86b944dc2b888f339a930eb50','CyMhNA3LqpkEKVaOj2r7bFpkVZ4sRqjz6MAaAXoPtWCpsHxboJiLcuMvWAlB2E37','19.jpg',43422,'jpg','\\cms\\columns\\2018\\9\\16\\CyMhNA3LqpkEKVaOj2r7bFpkVZ4sRqjz6MAaAXoPtWCpsHxboJiLcuMvWAlB2E37.jpg',NULL,'0',NULL,'cms','columns'),('95ed2cd4209c4f19bc316097bfb18b6f','SgRpbb26u5b8QjNJpd8aSk7DwbB5QIvCYgZXPArH0IPnzYF8tkfstQNSxYOQvpM7','19.jpg',43422,'jpg','\\cms\\columns\\2018\\9\\16\\SgRpbb26u5b8QjNJpd8aSk7DwbB5QIvCYgZXPArH0IPnzYF8tkfstQNSxYOQvpM7.jpg',NULL,'0',NULL,'cms','columns'),('9ed34501965f4775a59deb0c8365ddd9','Fh1xNf6wMEyN0nKzQeWeON2bynm0LmvqgpDyZhE7uOlI9jSOlulVdEwoj5ayU9t0','19.jpg',43422,'jpg','\\cms\\article\\2018\\9\\16\\Fh1xNf6wMEyN0nKzQeWeON2bynm0LmvqgpDyZhE7uOlI9jSOlulVdEwoj5ayU9t0.jpg',NULL,'0',NULL,'cms','article'),('9fc06795cd02465fa90c3b1236ed13bc','lPIUi0mm16TE25zIyVkvAVUH3CuiPRcc7TH2V42I5s9HMGVyM6YjcvJnTCNMcGg4','19.jpg',43422,'jpg','\\cms\\columns\\2018\\9\\12\\lPIUi0mm16TE25zIyVkvAVUH3CuiPRcc7TH2V42I5s9HMGVyM6YjcvJnTCNMcGg4.jpg',NULL,'0',NULL,'cms','columns'),('a8e0584da17b4777a422a9d17a2c94d9','mQbnKZxYVNm3L6yG28bEJ9tEHZNywvGZfbk9IkQalPimPxGVGffXTRtEIOmlCDCP','19.jpg',43422,'jpg','\\cms\\article\\2018\\9\\16\\mQbnKZxYVNm3L6yG28bEJ9tEHZNywvGZfbk9IkQalPimPxGVGffXTRtEIOmlCDCP.jpg',NULL,'0',NULL,'cms','article'),('a9a2718775fd4102871247f935993985','mWoEEyanY4sZfWTIUVQXvyr6rwSYIma1JNVqB7lz7zX6HEy1QyvBV1ZuPvGf1iga','19.jpg',43422,'jpg','\\cms\\article\\2018\\9\\16\\mWoEEyanY4sZfWTIUVQXvyr6rwSYIma1JNVqB7lz7zX6HEy1QyvBV1ZuPvGf1iga.jpg',NULL,'0',NULL,'cms','article'),('ac42e3b1b7c748c89641ad0bc5388909','lasZ3c3GbtOClP5UtwHjNUI0jOqq8xV0rPU6qv2K0VURF28gBzY28di02cQSNqPt','timg.jpg',15355,'jpg','\\cms\\article\\2018\\9\\19\\lasZ3c3GbtOClP5UtwHjNUI0jOqq8xV0rPU6qv2K0VURF28gBzY28di02cQSNqPt.jpg',NULL,'0',NULL,'cms','article'),('b01cb73f74bc4c5dbdb09ec8d5619be2','o95gbLIbBskQkesTVU0hJVwwwQVHWWItDq1pqG5PRPZM9WZtBcDdwGQZt6fgKZ9j','19.jpg',43422,'jpg','\\cms\\columns\\2018\\9\\16\\o95gbLIbBskQkesTVU0hJVwwwQVHWWItDq1pqG5PRPZM9WZtBcDdwGQZt6fgKZ9j.jpg',NULL,'0',NULL,'cms','columns'),('b09ce54fa1104ecf839949e78300246b','Logw7B2NxFfdgxTpjOGWHwssYlDt7BR2ztL6jw5QzhnUM1inaRpNfeVM7T4FVLL6','3新西兰代表团考察陕西计算机资格考试.jpg',34389,'jpg','\\cms\\article\\2018\\9\\19\\Logw7B2NxFfdgxTpjOGWHwssYlDt7BR2ztL6jw5QzhnUM1inaRpNfeVM7T4FVLL6.jpg',NULL,'0',NULL,'cms','article'),('b0c512bc08da45ceb31d4d951dc57d02','MudVPXsl4u8ctD1lI0w7HudsAXdGcfK78Ab3xdTqf7KYOp5KRiHwSnKEMdvyIkr4','b.jpg',26440,'jpg','\\cms\\article\\2018\\9\\19\\MudVPXsl4u8ctD1lI0w7HudsAXdGcfK78Ab3xdTqf7KYOp5KRiHwSnKEMdvyIkr4.jpg',NULL,'0',NULL,'cms','article'),('ba38bc85293b40f28eca19f180c30f46','IeDQ2h6iOPTTm1RhupcNxjHp9JNmpVyuuvgEbmnPJNnC52Nv60qRhn28PZFGfCwS','1国人部发[2003]39号文件.jpg',34627,'jpg','\\cms\\article\\2018\\9\\18\\IeDQ2h6iOPTTm1RhupcNxjHp9JNmpVyuuvgEbmnPJNnC52Nv60qRhn28PZFGfCwS.jpg',NULL,'0',NULL,'cms','article'),('bab1f79cb8c54315aab1008a4b241d5f','7pc3Ofnuc7VLst81BxkJtV4Ec66k08U2Z5EbIpKwT7mEfooGxw4N6jJoafZikbfL','19.jpg',43422,'jpg','\\cms\\columns\\2018\\9\\16\\7pc3Ofnuc7VLst81BxkJtV4Ec66k08U2Z5EbIpKwT7mEfooGxw4N6jJoafZikbfL.jpg',NULL,'0',NULL,'cms','columns'),('bdd1d1603d3f46b9b033311312bfa0d9','5xx4d5UKtRZkjotWkpIfQzEgMX6bRTV7D0rW9vJAMEL961r921s40VHpkObVXWhl','19.jpg',43422,'jpg','\\cms\\columns\\2018\\9\\15\\5xx4d5UKtRZkjotWkpIfQzEgMX6bRTV7D0rW9vJAMEL961r921s40VHpkObVXWhl.jpg',NULL,'0',NULL,'cms','columns'),('c109f427c1634743addb867d32c7a39c','i2tZPgQtgV1OiUfYByAetpxp0oQoEso22tGDs58DMiTzeoliJZCEmiKd5VX2kNyv','19.jpg',43422,'jpg','\\cms\\article\\2018\\9\\13\\i2tZPgQtgV1OiUfYByAetpxp0oQoEso22tGDs58DMiTzeoliJZCEmiKd5VX2kNyv.jpg',NULL,'0',NULL,'cms','article'),('c2ee2e3feadc4a858d7df7f1fdac9748','4XbgfyC8UPQyyF4kgtLiRON5B3lxD8w3Qt7RDmRWXtq77fe27vWCgbF62ipBn63J','19.jpg',43422,'jpg','\\cms\\columns\\2018\\9\\16\\4XbgfyC8UPQyyF4kgtLiRON5B3lxD8w3Qt7RDmRWXtq77fe27vWCgbF62ipBn63J.jpg',NULL,'0',NULL,'cms','columns'),('cb7d52feedd3491c9da8b3127b2c0b50','oOd5WwAVMn6ECJjCmzlM6f9urUbBieBuawhI2OktP1AcJMYgvX6awO7tDbJpu0AP','19.jpg',43422,'jpg','\\cms\\columns\\2018\\9\\12\\oOd5WwAVMn6ECJjCmzlM6f9urUbBieBuawhI2OktP1AcJMYgvX6awO7tDbJpu0AP.jpg',NULL,'0',NULL,'cms','columns'),('cdec1cd77c9d4509a1c64732e75893f3','704ZDP1ABB7ZRlGYzeXNTlomdloMwRCmIQiFRdiMRcXJpgdRTEWahj7dWIA54Oif','19.jpg',43422,'jpg','\\cms\\columns\\2018\\9\\16\\704ZDP1ABB7ZRlGYzeXNTlomdloMwRCmIQiFRdiMRcXJpgdRTEWahj7dWIA54Oif.jpg',NULL,'0',NULL,'cms','columns'),('d03ab23b672447d4a367a7ad5c837223','urDJKaQiRdvlnKK1f2ubMy4zFM76zAKzs8soGfeo3wjnj6kFDInB0TymBIIV6Uma','19.jpg',43422,'jpg','\\cms\\article\\2018\\9\\16\\urDJKaQiRdvlnKK1f2ubMy4zFM76zAKzs8soGfeo3wjnj6kFDInB0TymBIIV6Uma.jpg',NULL,'0',NULL,'cms','article'),('d09bb5bd89ee4c2d9e410495f65a4894','UK7T8r4DKaC7r2MCcAE0Pkz95MzW44QOy6f9L5xsH7yz81MJyCQyByK44BEkGg2k','19.jpg',43422,'jpg','\\cms\\article\\2018\\9\\13\\UK7T8r4DKaC7r2MCcAE0Pkz95MzW44QOy6f9L5xsH7yz81MJyCQyByK44BEkGg2k.jpg',NULL,'0',NULL,'cms','article'),('d32f0febebf7439d8eb98791fb0ccaf5','JlNe55ZfxjFpRqg7SibePj3KaYsTyxIAxwfSnntH6dDBnEkIEuL9EAIeBRJkzL1q','e.jpg',56155,'jpg','\\cms\\article\\2018\\9\\19\\JlNe55ZfxjFpRqg7SibePj3KaYsTyxIAxwfSnntH6dDBnEkIEuL9EAIeBRJkzL1q.jpg',NULL,'0',NULL,'cms','article'),('d5fa516109194dc08ae50d7cddb78785','yp7iZJXSjmZVsa3tLOZU04PZUBRV8aHU94SNl9GqCYbtqI7Z4j1epbn4rDfe4Y5f','favicon.png',3088,'png','\\admin\\user\\2018\\6\\28\\yp7iZJXSjmZVsa3tLOZU04PZUBRV8aHU94SNl9GqCYbtqI7Z4j1epbn4rDfe4Y5f.png',NULL,'0',NULL,'admin','user'),('dbe8250315f34025a6dc8570274830f4','FOj30hmIbs6U3Q2z8O05nX3UvWcoYqkv8uwnHcdAWyFctl6XoQcMRbfrJ91mn6m0','19.jpg',43422,'jpg','\\cms\\article\\2018\\9\\13\\FOj30hmIbs6U3Q2z8O05nX3UvWcoYqkv8uwnHcdAWyFctl6XoQcMRbfrJ91mn6m0.jpg',NULL,'0',NULL,'cms','article'),('e0709f323af44a70b0a87cb1068a9a4f','mXEWXf4TAJ1ZDwuoD7X5scTgZsgUEK8w0iSwRvQcK5lCQtMz3gUAb6fxDeGLjPs7','favicon.png',3088,'png','\\admin\\user\\2018\\6\\28\\mXEWXf4TAJ1ZDwuoD7X5scTgZsgUEK8w0iSwRvQcK5lCQtMz3gUAb6fxDeGLjPs7.png',NULL,'0',NULL,'admin','user'),('e4db79bef59b42d9ad7676f2899fa82f','UugtS82q7KQffg6jkruW0pIjP3v2NFOBnLwwl8GHH9GXyRJxq7WZpPXmgn9KegXP','favicon.png',3088,'png','\\admin\\user\\2018\\6\\28\\UugtS82q7KQffg6jkruW0pIjP3v2NFOBnLwwl8GHH9GXyRJxq7WZpPXmgn9KegXP.png',NULL,'0',NULL,'admin','user'),('ebf0e4e981ff472eba056f0ae8f83e40','EH3HMGO69nH6SZ6Zzx4Qst3maJSvJQTLDX1SSe3VfRS4H7EBk00TcyBuymmsvplI','timg1.jpg',46675,'jpg','\\cms\\article\\2018\\9\\19\\EH3HMGO69nH6SZ6Zzx4Qst3maJSvJQTLDX1SSe3VfRS4H7EBk00TcyBuymmsvplI.jpg',NULL,'0',NULL,'cms','article'),('ed9e4ef6055b4b1c956b6c1b8f11932b','UlxQ9hRG48kCuv419yeHCNcbjtc3nhvXp4L48oixukurTDLQMEH1gliKZXiND89F','19.jpg',43422,'jpg','\\cms\\columns\\2018\\9\\12\\UlxQ9hRG48kCuv419yeHCNcbjtc3nhvXp4L48oixukurTDLQMEH1gliKZXiND89F.jpg',NULL,'0',NULL,'cms','columns'),('ef2c785ca22a4be5927343123c081346','7FH2xbxUDFEZtzkGagpWTrKNU9h7AG2oos3fm8OUvarR0my1j23Rdn41lYD8o344','19.jpg',43422,'jpg','\\cms\\article\\2018\\9\\13\\7FH2xbxUDFEZtzkGagpWTrKNU9h7AG2oos3fm8OUvarR0my1j23Rdn41lYD8o344.jpg',NULL,'0',NULL,'cms','article'),('f676c41ae59742dc9f9595e8fc996884','O5CFLocMdRIRTEzZ78AGIC0KMgxHYghr9hc6zo8vW5IWKB2hV74rHxPPLTmKNwtn','19.jpg',43422,'jpg','\\admin\\user\\2018\\4\\24\\O5CFLocMdRIRTEzZ78AGIC0KMgxHYghr9hc6zo8vW5IWKB2hV74rHxPPLTmKNwtn.jpg',NULL,'0',NULL,'admin','user'),('f81cfd3835664b7a90bdf55305bc41d8','TyoHj1TFdElAtP2OTv5yjyJnWjEvDtqDj9CykhybHMNxSktlGpI64Ovn7eArEEEi','19.jpg',43422,'jpg','\\cms\\columns\\2018\\9\\16\\TyoHj1TFdElAtP2OTv5yjyJnWjEvDtqDj9CykhybHMNxSktlGpI64Ovn7eArEEEi.jpg',NULL,'0',NULL,'cms','columns'),('fffb1a1f6e084bca8af4637783eb5b40','Xn01IKbv2E7DxeHRlJni0IPyH2A7teChNt0cqV3GNsvuPUhMrS1WZfBW8gzvUI3m','19.jpg',43422,'jpg','\\cms\\article\\2018\\9\\13\\Xn01IKbv2E7DxeHRlJni0IPyH2A7teChNt0cqV3GNsvuPUhMrS1WZfBW8gzvUI3m.jpg',NULL,'0',NULL,'cms','article');
/*!40000 ALTER TABLE `t_wxl_storge` ENABLE KEYS */;
UNLOCK TABLES;
/*!40103 SET TIME_ZONE=@OLD_TIME_ZONE */;

/*!40101 SET SQL_MODE=@OLD_SQL_MODE */;
/*!40014 SET FOREIGN_KEY_CHECKS=@OLD_FOREIGN_KEY_CHECKS */;
/*!40014 SET UNIQUE_CHECKS=@OLD_UNIQUE_CHECKS */;
/*!40101 SET CHARACTER_SET_CLIENT=@OLD_CHARACTER_SET_CLIENT */;
/*!40101 SET CHARACTER_SET_RESULTS=@OLD_CHARACTER_SET_RESULTS */;
/*!40101 SET COLLATION_CONNECTION=@OLD_COLLATION_CONNECTION */;
/*!40111 SET SQL_NOTES=@OLD_SQL_NOTES */;

-- Dump completed on 2018-10-23 18:45:52
