<?xml version="1.0" encoding="UTF-8" standalone="yes"?>
<avicit>
    <tasks>
        <task>
            <taskName>sdsd</taskName>
            <svnUrl>sdsd</svnUrl>
            <svnUser>sdsd</svnUser>
            <svnPwd>ss</svnPwd>
        </task>
        <task>
            <taskName>大声说发顺丰</taskName>
            <svnUrl>sgsdgsd</svnUrl>
            <svnUser>1d3cb157bbe1238609ea408dc32ea76c02ee735b5287948f</svnUser>
            <svnPwd>ab9b9c3844bd6a9a15a9da27a193256a</svnPwd>
        </task>
        <task>
            <taskName>aasga啊嘎嘎</taskName>
            <svnUrl>啊嘎嘎</svnUrl>
            <svnUser>4c1a1a77b7322ab4</svnUser>
            <svnPwd>365872660291a654</svnPwd>
        </task>
        <task>
            <taskName>未发生谁敢说</taskName>
            <svnUrl>阿嘎大概</svnUrl>
            <svnUser>4c1a1a77b7322ab4</svnUser>
            <svnPwd>c159420cc6449f92</svnPwd>
        </task>
        <task>
            <taskName>阒其无人群无</taskName>
            <svnUrl>阿发</svnUrl>
            <svnUser>ccf8bc6ad62d8286</svnUser>
            <svnPwd>b3b61e418002763f</svnPwd>
        </task>
        <task>
            <taskName>asfas</taskName>
            <svnUrl> afasf</svnUrl>
            <svnUser>fcfc63e224492427</svnUser>
            <svnPwd>5a0ecf339b6fd3d9</svnPwd>
        </task>
        <task>
            <taskName>啊犯法</taskName>
            <svnUrl>agasa</svnUrl>
            <svnUser>76ce6d794b791e11</svnUser>
            <svnPwd>f4c581435bfa7916</svnPwd>
        </task>
        <task>
            <taskName>爱上反复</taskName>
            <svnUrl>fasfa</svnUrl>
            <svnUser>dd66011b91bb1e46</svnUser>
            <svnPwd>e4124c01cfff1c27</svnPwd>
        </task>
        <task>
            <taskName>afasf</taskName>
            <svnUrl>法师法师</svnUrl>
            <svnUser>a813fe907d6d8fa9</svnUser>
            <svnPwd>2305a147f33c5a00</svnPwd>
        </task>
        <task>
            <taskName>1241</taskName>
            <svnUrl>12412</svnUrl>
            <svnUser>d8ab3360dc6bfaf0</svnUser>
            <svnPwd>aee273f9a64af1fc</svnPwd>
        </task>
        <task>
            <taskName>211</taskName>
            <svnUrl>24124</svnUrl>
            <svnUser>f7b363ca0cd648b4</svnUser>
            <svnPwd>539f5ae6b614eac9</svnPwd>
        </task>
        <task>
            <taskName>4242</taskName>
            <svnUrl>4242</svnUrl>
            <svnUser>10d3f7a49254c7e7</svnUser>
            <svnPwd>ec3f0397bcc87675</svnPwd>
        </task>
        <task>
            <taskName>11111111111111</taskName>
            <svnUrl>11111111111111111</svnUrl>
            <svnUser>2f81ee86a0099be92f81ee86a0099be9e6142631f8fe01c0</svnUser>
            <svnPwd>2f81ee86a0099be92f81ee86a0099be95900b6469080365d</svnPwd>
        </task>
        <task>
            <taskName>11111111111111阿萨是发生</taskName>
            <svnUrl>11111111111111111</svnUrl>
            <svnUser>2f81ee86a0099be92f81ee86a0099be9e6142631f8fe01c0</svnUser>
            <svnPwd>2f81ee86a0099be92f81ee86a0099be95900b6469080365d</svnPwd>
        </task>
    </tasks>
</avicit>
